0,51.509254423057,-0.161045358107712,-0.0160038891069265,0.0472024949475667
0.5,51.5092474121655,-0.161042655033865,0.119397692053385,-0.00101384876211014
1,51.5092478356869,-0.16104442259066,0.218652016366257,0.0159021987657642
1.5,51.5092504981773,-0.161044188531379,0.460621855421893,0.00280408115532507
2,51.5092536591104,-0.161044048032556,0.715306461246506,0.0198102304849072
2.5,51.5092577712256,-0.161044315615679,0.941259269428473,0.0224394322141817
3,51.5092626061978,-0.161043670876192,1.19461741691932,0.0270988792692794
3.5,51.5092679155229,-0.161042952627165,1.22780986634235,-0.0092696488443382
4,51.5092737285714,-0.161042458786373,1.24105022996562,-0.00877145131178803
4.5,51.5092791836652,-0.161041835266372,1.24935420313802,-0.00314276703671774
5,51.5092847896084,-0.161041424213059,1.23953474954548,0.00100998086074159
5.5,51.509290560698,-0.16104125096352,1.25964037447262,-0.0205326221492814
6,51.5092960717925,-0.161040922966068,1.23621979617286,0.0248988868932552
6.5,51.5093015782967,-0.161040419540801,1.23702701163622,0.0237422101469965
7,51.5093071636858,-0.161039927839876,1.26323630179248,-0.00296692288693413
7.5,51.5093129214165,-0.161039589282304,1.25503881743875,0.00941988471358082
8,51.5093184874353,-0.161039019292829,1.23798817015479,0.00477398161371893
8.5,51.5093241554495,-0.161038704604396,1.25362108850371,-0.00199573836601617
9,51.5093297886989,-0.161038255648877,1.26123993784834,0.0145813909299943
9.5,51.5093355053101,-0.161037823196927,1.26740772380772,0.0317483205618353
10,51.5093411078483,-0.161037294781711,1.23878937714501,0.0366420725315859
10.5,51.5093467413803,-0.161037110928568,1.24500828066069,0.0197678939133046
11,51.5093523522811,-0.161036889271075,1.26748131375231,0.00516582607094519
11.5,51.5093580974009,-0.161036744243502,1.25695695111702,0.0283401617261625
12,51.5093636829427,-0.161036581396827,1.25760630896999,-0.0019384305969986
12.5,51.5093693840256,-0.161036586365986,1.24195472663877,-0.0157427576806773
13,51.5093749038747,-0.161036612664859,1.23958363481222,-0.00189267689725412
13.5,51.5093805576967,-0.161036631165624,1.24354573367676,0.00851734908006548
14,51.5093861322514,-0.161036560803124,1.26447034661488,0.0137060718239334
14.5,51.5093918385596,-0.16103662584007,1.24493109152767,-0.0340155736959488
15,51.5093973746406,-0.161036817146186,1.25169778318064,-0.0309876122841786
15.5,51.5094030209876,-0.161037031842824,1.22988850562431,-0.0172818456010629
16,51.5094084602209,-0.1610370851321,1.21833425711218,-0.00700445186878059
16.5,51.5094140157264,-0.161037095419092,1.23643887838117,-0.00924785777656366
17,51.5094194428395,-0.161037076679755,1.21337150522159,-0.00276274926729909
17.5,51.5094249904995,-0.161037096918333,1.23232931102419,-0.00443088260654958
18,51.5094305189068,-0.161037017237721,1.24665471886881,0.00306509797513394
18.5,51.5094361252451,-0.161036954693584,1.2326889319817,-0.00781053975789527
19,51.5094416053045,-0.161036861087656,1.24158636934859,0.00189894856030664
19.5,51.5094472533131,-0.161036739986453,1.2506431643039,0.0114872184276455
20,51.50945282636,-0.161036531459405,1.25601812540646,0.0118158238330976
20.5,51.5094584032265,-0.161036433069263,1.24384988972619,0.00863402749412966
21,51.5094639936005,-0.161036233474219,1.23040349751878,0.0160640525367697
21.5,51.5094694572093,-0.161036056013913,1.23372824175775,0.00942811670274744
22,51.5094750080117,-0.161035940088213,1.25389584271992,-0.0169721349241887
22.5,51.5094806177278,-0.161036129322936,1.24249625828264,-0.0172847790494549
23,51.509486235127,-0.161036171977958,1.25377621165099,-0.0206307491701845
23.5,51.5094917501069,-0.161036179171018,1.21459693439662,0.0141148757553903
24,51.5094972788245,-0.161036060259404,1.23450956621587,0.0109904769096803
24.5,51.5095027901068,-0.161036056107879,1.23145305556016,-0.00591060414861071
25,51.5095083815045,-0.161036018570269,1.24804856031235,-0.00674712149577878
25.5,51.5095139789579,-0.161036175873099,1.2518844368405,-0.0356198554930757
26,51.5095196363466,-0.161036285115839,1.2706182579565,-0.0013051680880979
26.5,51.5095252532645,-0.161036338875713,1.25280621209733,-0.0196766517582692
27,51.5095308439772,-0.161036480499353,1.21717907195599,-0.0121887840505872
27.5,51.5095362948226,-0.161036604042746,1.23348950892887,-0.0466994492533019
28,51.509541900317,-0.161036873914593,1.2502694639963,-0.0338166338981643
28.5,51.5095474643608,-0.161037172258924,1.24152145024841,-0.0367960590297431
29,51.5095530652933,-0.161037408245976,1.24597380598479,-0.0439731776036794
29.5,51.5095586139537,-0.161037754258799,1.24232450963726,-0.0315241319510026
30,51.5095642392465,-0.161037820476304,1.25107981613047,-0.0103623318767312
30.5,51.5095698741893,-0.161037967282036,1.25134779276567,-0.0153669134824738
31,51.5095754601101,-0.161037977212081,1.25543335353371,-0.0127071739925599
31.5,51.5095810514941,-0.161038034322488,1.23653232866237,-0.00323783645778724
32,51.5095865873406,-0.16103808600494,1.23426127150288,-0.0168352984818756
32.5,51.5095916212169,-0.161038171083218,1.03015731450842,-0.0278019526941626
33,51.5095955566636,-0.161038414180582,0.792416210184297,-0.0253308549546023
33.5,51.5095985108086,-0.161038570138695,0.5525250870308,-0.0374008026628153
34,51.5096002246987,-0.161038753650671,0.284089635514294,-0.0195581724035623
34.5,51.5096013228124,-0.161038561220484,0.239336545003594,0.0499388433411831
35,51.5096024381205,-0.161037895189319,0.254468280131171,0.115982179180487
35.5,51.5096033744675,-0.161036816868253,0.188105668938931,0.163041386202565
36,51.509604023581,-0.161035465138842,0.119816485934359,0.201437393960024
36.5,51.5096043984255,-0.16103388078716,0.0705137550961469,0.220009082839457
37,51.5096045601791,-0.161032204160779,0.0215446845790751,0.222050041549766
37.5,51.5096044604817,-0.161030602289931,-0.0425736814135924,0.235810730841728
38,51.5096040480201,-0.161028819038833,-0.118876113377848,0.230542984124461
38.5,51.5096034067081,-0.161027403465461,-0.152869580702545,0.177261497397193
39,51.5096025375823,-0.161026249952877,-0.221713921424448,0.135923134829264
39.5,51.5096014952463,-0.161025474913357,-0.222042547889916,0.0834379645219896
40,51.5096004098263,-0.161025127449592,-0.255064909730051,0.0165349182573221
40.5,51.5095986590905,-0.161024953057712,-0.481430245265151,0.0217807220728032
41,51.5095958360935,-0.161024942514666,-0.719997241716984,-0.0274906720574119
41.5,51.5095919305932,-0.161025007655344,-0.975167515413967,-0.00207261527579793
42,51.5095868694996,-0.161025095712378,-1.21107173392072,-0.0148473615786308
42.5,51.5095812712902,-0.161024997645385,-1.24208435962123,0.0098221637936181
43,51.5095755962335,-0.161024842198456,-1.25859104087256,0.0158933011514508
43.5,51.5095700206708,-0.161024778704427,-1.226815824388,0.0018683017356878
44,51.5095644258112,-0.161024836262349,-1.23939049659676,-0.0201393375209369
44.5,51.5095588643981,-0.161024810216953,-1.23470101369785,-0.000723206369154135
45,51.5095532315029,-0.161024759452338,-1.25527523491574,0.0209587244057446
45.5,51.5095475678416,-0.161024589180988,-1.25787477217994,-0.0131057594805312
46,51.5095418556634,-0.161024681872261,-1.26106559332634,0.00359116686730167
46.5,51.5095362756487,-0.161024679071389,-1.21902932750025,-0.0316348707422704
47,51.5095306905994,-0.161024878163013,-1.26079536703782,-0.0314977124582071
47.5,51.5095250569722,-0.16102503325351,-1.24155250284474,-0.0323686076278105
48,51.509519403269,-0.161025266699622,-1.25056958479091,-0.0305088993332735
48.5,51.5095137247124,-0.161025325514477,-1.26804194265189,-0.00271480284213093
49,51.5095080452622,-0.161025447985805,-1.24260532329708,-0.0249101742989589
49.5,51.5095024498366,-0.161025346039822,-1.25787775039803,0.0264022791315985
50,51.5094967001514,-0.161025177250698,-1.27447458716847,0.00306449058715343
50.5,51.5094910571518,-0.161025197353939,-1.2487788228497,0.0140447856256761
51,51.5094853027081,-0.161024962048008,-1.28056590633808,0.00436841897487006
51.5,51.5094796581481,-0.161024974230644,-1.25358678347435,0.00943422826297018
52,51.5094740284473,-0.161024845772387,-1.24077501120025,0.0183305985644014
52.5,51.5094684275701,-0.161024757301165,-1.24125225639541,0.00832924625060463
53,51.5094628102486,-0.161024632406529,-1.23923127553093,-0.00748206990384528
53.5,51.5094572187313,-0.161024735764796,-1.26463761975918,0.00538393259298223
54,51.5094514644074,-0.161024652383032,-1.26245106037122,-0.00506532585668458
54.5,51.5094458375051,-0.16102468671412,-1.26167067284962,-0.00706555803501466
55,51.5094400733162,-0.161024659884441,-1.2725561268622,-0.000639956567159788
55.5,51.5094344457911,-0.161024498593964,-1.24336098260295,0.0237706842902466
56,51.5094287800994,-0.161024460726736,-1.26484326276507,-0.00543239821300459
56.5,51.5094231169339,-0.161024336184494,-1.24362442733674,0.0153727443065193
57,51.5094175499566,-0.161024269899396,-1.24345144693289,0.00627216206965802
57.5,51.5094118834278,-0.161024094299703,-1.25138590965257,0.0303788039298209
58,51.509406284798,-0.161023767905188,-1.26077909299811,0.0603709300889912
58.5,51.5094005863789,-0.16102330253117,-1.26055680167115,0.0342522019168428
59,51.5093948730779,-0.161023221912206,-1.27453855919898,0.0132419120040206
59.5,51.5093891577617,-0.161023049474213,-1.25612062829809,0.0203228813904817
60,51.5093835426633,-0.161022869318204,-1.26364225079776,0.0186919169594853
60.5,51.5093778107868,-0.161022860523261,-1.25803280381234,-0.0045973762546181
61,51.5093722109726,-0.161022879193777,-1.2423995524471,-0.0240541499617577
61.5,51.5093666507952,-0.16102309376726,-1.2391018367143,-0.0344551744319097
62,51.5093609938753,-0.161023343608804,-1.25541738632214,-0.0292174964728583
62.5,51.5093553570811,-0.161023423523743,-1.26075046225477,-0.00969964969718096
63,51.5093496684259,-0.161023572775444,-1.25054822704139,-0.0319581096725669
63.5,51.5093440330773,-0.16102376699083,-1.27609224528433,-0.0100808867386711
64,51.5093383151869,-0.161023809840645,-1.25082149539221,-0.032746168970096
64.5,51.5093327617013,-0.161024062121329,-1.23779064095232,-0.020316407718399
65,51.5093270705284,-0.161024060180849,-1.26428847117145,-0.00144908160691794
65.5,51.5093214792652,-0.161023934587953,-1.24042673506214,0.0395065663684342
66,51.5093158238917,-0.161023578083815,-1.25901532791067,0.0483992098312018
66.5,51.5093101532311,-0.161023361095866,-1.27269947454005,0.0174646665865431
67,51.5093044897111,-0.161023240297175,-1.23138692518847,0.00765631257379441
67.5,51.5092989837303,-0.161023214114033,-1.23191218561648,0.000992881282311226
68,51.5092933959487,-0.161023138119999,-1.22568777723225,0.00436743937200234
68.5,51.509287949452,-0.161023204576858,-1.22816113269256,-0.00186619529878229
69,51.5092822813013,-0.161023148189792,-1.2523843523129,-0.00427056883520152
69.5,51.509276741717,-0.16102316519705,-1.25140350048702,-0.00135299796970846
70,51.5092709826288,-0.161023174300793,-1.26246847423367,0.00689240677531045
70.5,51.5092654079382,-0.161023085653039,-1.2545303184723,0.00736098425622166
71,51.5092597086136,-0.161023018209647,-1.25997874012372,0.0072566915100707
71.5,51.5092546067217,-0.161022982328815,-1.02328656011104,-0.00457353424722396
72,51.5092506645046,-0.161022981248974,-0.792741896916278,0.0207466160004109
72.5,51.5092477441019,-0.161022717635957,-0.540053616608785,0.0253639368697275
73,51.5092459307996,-0.161022585129936,-0.305730655260773,0.0244079252005232
73.5,51.5092448286022,-0.161022156266704,-0.223781148203523,0.0747568675909009
74,51.5092438222645,-0.161021464076239,-0.217141402526325,0.110149204873774
74.5,51.5092430188568,-0.161020498203157,-0.163982774720466,0.148249011757612
75,51.509242310365,-0.161019064894076,-0.14078050127043,0.234540514363488
75.5,51.5092418945387,-0.161017230398294,-0.0577584051614975,0.246673237933151
76,51.5092418207727,-0.161015496567467,0.00760255509728254,0.26237951926795
76.5,51.509241971456,-0.161013568100901,0.0541324050122244,0.241168602130837
77,51.5092424009496,-0.16101191003312,0.119776101540039,0.236313962878286
77.5,51.5092430163129,-0.161010369964674,0.152505162614482,0.19459044599496
78,51.5092438626897,-0.161009082530065,0.203256390182716,0.164602487140635
78.5,51.5092447995792,-0.161008222135591,0.213004003620183,0.0849647740202409
79,51.5092457578932,-0.161007893238098,0.223202725191307,0.0153670246513964
79.5,51.5092473591423,-0.161007774806072,0.454658956694378,0.0134475440467097
80,51.5092500279024,-0.161007695717654,0.701765523412429,0.00626298067903497
80.5,51.5092538727858,-0.161007611069418,0.959544891644184,0.0175269169332615
81,51.509258821886,-0.161007607714226,1.19815420008432,-0.0181237037690575
81.5,51.5092643635584,-0.161007731743273,1.2362780894787,-0.0222918577129632
82,51.5092699916721,-0.16100789086242,1.25685438869689,-0.0183177220786412
82.5,51.5092756293156,-0.16100800782242,1.26710005096008,-0.0203280443808905
83,51.5092813614796,-0.16100812475374,1.2583460079944,-0.00551134811026873
83.5,51.5092869191991,-0.161008152745114,1.23951063420059,0.0028301860911852
84,51.5092925876352,-0.161008230456561,1.26452297369896,-0.0366574543183713
84.5,51.5092982843024,-0.161008464665024,1.25998936882347,-0.0303931590762622
85,51.5093039453232,-0.161008620770939,1.26246649001607,-0.00528842788641044
85.5,51.5093095945303,-0.161008552202669,1.24789155876562,0.0161378881876182
86,51.5093151788079,-0.161008440941271,1.25105340950201,0.0263072479619306
86.5,51.5093207953617,-0.161008254172629,1.2371469659266,0.0157894618510961
87,51.509326318737,-0.161008210892976,1.22218693085321,-0.00409688285363631
87.5,51.5093318808182,-0.161008475284163,1.24247685281962,-0.0488599339872479
88,51.509337514611,-0.161008704483483,1.26404647914937,-0.0373630631813506
88.5,51.5093431692683,-0.161008992104601,1.24955478219074,-0.0366638951618977
89,51.5093488044436,-0.161009156029279,1.2654583674224,-0.0103402613801858
89.5,51.5093545307468,-0.161009308775381,1.25750624164701,-0.022193864475292
90,51.5093601035734,-0.161009292398888,1.24430074162365,0.0163568434867072
90.5,51.5093657484184,-0.161009276056021,1.2392695275575,-0.0113910314334049
91,51.5093713262061,-0.161009319435736,1.25963800882131,-0.000441359857761101
91.5,51.5093769387273,-0.161009473923692,1.23654215642505,-0.0289217185757533
92,51.5093824970453,-0.161009538727165,1.24286969346049,-0.0049006053402806
92.5,51.5093881351255,-0.16100972754382,1.24113830014672,-0.0303511415228586
93,51.509393696589,-0.161009827943764,1.24520133306883,-0.0170919116728407
93.5,51.5093993468119,-0.161009956828136,1.24493955040019,-0.000881911591907883
94,51.5094049781749,-0.161009812678711,1.27170154110709,0.0210625606411979
94.5,51.5094106601121,-0.161009692814484,1.24710743251162,0.0102905917473382
95,51.509416264634,-0.161009524141665,1.24949541104818,0.0435876529679922
95.5,51.5094219267698,-0.161009356085395,1.25862807255598,-0.00286897936261721
96,51.5094274991552,-0.161009465574773,1.23254234032716,-0.0125199548223101
96.5,51.5094331072137,-0.161009386360005,1.24512437123258,0.0168750250239709
97,51.5094386868163,-0.161009236719373,1.2388865231244,0.0260994884792677
97.5,51.5094443505008,-0.161009042907104,1.28381378429387,0.0133649704661819
98,51.5094500670461,-0.161008964108233,1.26141603820597,0.0190388427147616
98.5,51.5094556815813,-0.16100877652296,1.23398428439069,0.0231087256772598
99,51.5094612784929,-0.161008543721216,1.23421588523364,0.0451755930464277
99.5,51.509466785732,-0.161008165358117,1.23493423682895,0.0531560961432715
100,51.5094724309638,-0.161008023977848,1.25237405178762,-0.00310798096170988
100.5,51.5094779420877,-0.161007965698882,1.24324715964022,0.0173558034745344
101,51.5094836976979,-0.161007942152384,1.24670485222894,-0.0187526236227152
101.5,51.5094891017776,-0.161008019512338,1.22570883945296,0.00392351847977816
102,51.5094947404708,-0.161007946045552,1.24300335027161,0.00781497074392939
102.5,51.5095003755713,-0.161007976112283,1.26517067357048,-0.0107064932578123
103,51.5095060233871,-0.161007931251018,1.24549186647233,0.0334828280420597
103.5,51.5095116270522,-0.161007793298349,1.26735514462171,-0.0118347738424222
104,51.5095173952124,-0.161008033777547,1.26701233582069,-0.0284099747828889
104.5,51.509522940303,-0.161008165566539,1.22774426758051,-0.0294394770965486
105,51.5095285806129,-0.161008438008276,1.25270585733759,-0.0298051000129453
105.5,51.5095341848131,-0.161008590534757,1.2681524344667,-0.030672751389913
106,51.5095399322371,-0.161008794833818,1.26593012078562,-0.0102851776123853
106.5,51.5095455632329,-0.161008801228966,1.24484388487601,-0.00619749957106944
107,51.5095511404153,-0.161008852417663,1.23761703765932,-0.00096447292252003
107.5,51.5095567726682,-0.161008760803556,1.26220831304721,0.00937409260010114
108,51.5095623889233,-0.161008784263382,1.26568365667087,0.00506025182200492
108.5,51.5095682224146,-0.161008731263899,1.27962662554395,-0.00881143572298826
109,51.509573870922,-0.161008889044361,1.26939905569205,-0.0159131581889989
109.5,51.5095796266184,-0.161008916138608,1.25955240674679,-0.00943074261885811
110,51.5095852351909,-0.161009087193082,1.27373061825361,-0.0364311063325511
110.5,51.5095905364343,-0.161009329984244,1.06537190687491,-0.0348565327692565
111,51.5095946038647,-0.161009560377101,0.81310350878143,-0.0285692553273974
111.5,51.5095976006408,-0.161009731813899,0.548557308801668,-0.0190267706411665
112,51.5095993471081,-0.161009887740969,0.291673625560253,-0.025278620366689
112.5,51.5096005103311,-0.161009740612694,0.230980173794303,0.0448004809111014
113,51.5096014513335,-0.161009098645368,0.225102824332896,0.131071176510452
113.5,51.5096023056851,-0.161007891949004,0.143528680320286,0.186819038896987
114,51.5096028776223,-0.161006517058552,0.132907126467555,0.188413220199324
114.5,51.5096033399294,-0.161004851140471,0.0661367148894334,0.236739803997058
115,51.5096034149873,-0.1610032199411,-0.0040955729071984,0.250234065990059
115.5,51.5096032756312,-0.161001421839316,-0.0550981937186661,0.226418726432333
116,51.5096028624052,-0.16099992807424,-0.112839001102045,0.208619513732089
116.5,51.5096022490658,-0.160998456391027,-0.158607230070819,0.196445994069161
117,51.5096013602002,-0.160997247374135,-0.206363936400472,0.134425758370656
117.5,51.5096003843421,-0.160996580307753,-0.251038887877201,0.0766913125941664
118,51.5095991720981,-0.160996174903901,-0.248280999773949,0.0271323170779793
118.5,51.5095976117519,-0.160996124861284,-0.45980629476413,0.0029355261928057
119,51.5095948080139,-0.160996043377916,-0.724041504644832,0.00462253130641208
119.5,51.5095909218542,-0.160995918711686,-0.95946264692966,0.0325587426674035
120,51.5095859547465,-0.160995722753805,-1.18570433531867,0.00987205315325621
120.5,51.5095805137167,-0.160995736951769,-1.24317645403606,-9.87982539809931e-05
121,51.5095748179835,-0.160995742650528,-1.25810170083407,-0.0107832154500385
121.5,51.5095692077387,-0.160995681549515,-1.25991839186598,0.0301524159320042
122,51.5095635725838,-0.160995513337259,-1.23979961062718,0.0174017953050102
122.5,51.5095579749848,-0.16099538152619,-1.2507273374046,0.0137959208657683
123,51.5095523127078,-0.160995457616551,-1.25467850462803,-0.0282969133421491
123.5,51.5095467098946,-0.160995622478267,-1.24033557805654,-0.0187210819734977
124,51.5095411047458,-0.160995732339434,-1.25860805149844,-0.0212617733682197
124.5,51.509535433323,-0.16099598478345,-1.25577060702804,-0.0314430578495705
125,51.5095298049185,-0.160996193418798,-1.24768589154085,-0.0474554430106643
125.5,51.5095241865047,-0.160996474201109,-1.25131893936091,-0.0197476243265345
126,51.5095185491435,-0.160996515598345,-1.25045822943228,0.000605136963257105
126.5,51.5095129113922,-0.16099637546432,-1.26599897151637,0.0268977716129158
127,51.5095072687464,-0.160996202311752,-1.23402924542726,0.00798525843786362
127.5,51.5095017876293,-0.160996186003218,-1.21636201976639,0.0179630257472226
128,51.509496247431,-0.160996042190462,-1.23186403389956,-0.00345534998109717
128.5,51.5094907061923,-0.160996087878705,-1.23889557425316,0.0262234060845893
129,51.5094850735566,-0.160995830500388,-1.25479756869562,0.00981007745220555
129.5,51.5094795216933,-0.160995944210705,-1.23090102863862,-0.0134069633946992
130,51.5094738855099,-0.160996010241195,-1.26270261429785,-0.0162831790710152
130.5,51.5094682097783,-0.160996109686625,-1.27044719924915,-0.0106155417605375
131,51.5094624816234,-0.160996178999891,-1.26131558451161,-0.0151525465383797
131.5,51.5094569072614,-0.160996297450368,-1.24536344720732,-0.0171079513153105
132,51.5094511874883,-0.160996407415068,-1.26441286845256,-0.00988174172770157
132.5,51.5094455994843,-0.160996329001153,-1.24364777490019,0.0202977128027087
133,51.5094399188535,-0.160996143352996,-1.2542672184355,0.0298729776584026
133.5,51.5094343812695,-0.16099584595211,-1.24709446562696,0.0466999209174463
134,51.5094286570404,-0.160995495623699,-1.2657447203624,0.051637534831412
134.5,51.5094230940845,-0.160995119984518,-1.23526055791973,0.0447550735595412
135,51.5094175142515,-0.160994829873058,-1.2219235433553,0.0291373775173448
135.5,51.5094120169799,-0.160994791795504,-1.23772878842271,-0.00322090182502557
136,51.5094063921461,-0.160994792911973,-1.25310259756972,-0.00243961382735797
136.5,51.5094007784622,-0.160994727307666,-1.25934655807103,0.0140703947253194
137,51.5093950565606,-0.160994575006371,-1.25511438379853,0.0216244512087991
137.5,51.5093894716066,-0.160994448699178,-1.24531370244984,0.0237960862305683
138,51.5093838956057,-0.160994253544854,-1.23199358269745,0.0123267724693952
138.5,51.5093783156376,-0.160994172965472,-1.24889629159614,0.0232802491780857
139,51.509372722281,-0.160993932403416,-1.24132432422882,0.0287151323463232
139.5,51.50936715477,-0.160993781922174,-1.23943600451388,0.0260036533676599
140,51.5093614898189,-0.160993514757226,-1.26744993913978,0.0280292158757761
140.5,51.5093558304961,-0.160993381338,-1.27329938438874,0.0245719402708049
141,51.5093501211531,-0.1609931514172,-1.24354885591466,0.0320515738206169
141.5,51.5093445663198,-0.160993030541872,-1.2383816411958,-0.00989062579270442
142,51.5093389663262,-0.160993134859405,-1.26231208160467,-0.00795875826720491
142.5,51.5093332984864,-0.160993044036102,-1.26102230898237,0.0163959649171413
143,51.5093275705557,-0.160993056309519,-1.26099289413692,-0.00448611194618965
143.5,51.5093220029784,-0.160993105975555,-1.25133774309753,-0.0132874181186554
144,51.5093163706366,-0.160993201716357,-1.22867398988657,-0.00428449850793675
144.5,51.5093107780319,-0.160993132399551,-1.25822679257823,0.00597154071693113
145,51.5093051748809,-0.160993019956664,-1.24624804568922,0.0231225490564979
145.5,51.5092995179341,-0.16099292384678,-1.25163838362774,0.00273473996941648
146,51.5092938966662,-0.160992831045529,-1.26578390503961,0.0287374782418366
146.5,51.5092882212335,-0.160992751225145,-1.25437787186792,-0.00688566683263892
147,51.5092826523409,-0.160992696608277,-1.22916869015319,0.016834709215176
147.5,51.5092769768497,-0.160992581977344,-1.27360395266666,0.0144271922683681
148,51.5092713460336,-0.160992412288641,-1.25900740823818,0.032320447549853
148.5,51.5092655857964,-0.160992230235193,-1.27491169421272,0.0139407179839168
149,51.5092599293205,-0.160992091958791,-1.26922873556393,0.0199833198965095
149.5,51.5092546751836,-0.160991954111744,-1.06013863553791,0.0239254482709206
150,51.5092506158012,-0.160991761248949,-0.806650250453142,0.0255348558664203
150.5,51.5092476770118,-0.160991667942205,-0.545654323622419,0.000507413764928183
151,51.5092458726314,-0.160991735301951,-0.299041714451446,-0.0203318405548349
151.5,51.5092447143885,-0.160991643565357,-0.238369284334018,0.0332014104005162
152,51.5092437308318,-0.160991039737605,-0.20651976895011,0.126314190051744
152.5,51.5092429000222,-0.160990015050326,-0.172626097157286,0.148835398070305
153,51.5092422304915,-0.160988716620179,-0.131628030760923,0.205939774026978
153.5,51.5092418068869,-0.16098716696501,-0.0748202842516403,0.231239992501914
154,51.5092416010824,-0.160985413785021,-0.0187938467824587,0.23191698209732
154.5,51.5092416887026,-0.160983720098625,0.0399436097140959,0.250985783907923
155,51.5092420442949,-0.160981970640293,0.108268827153998,0.226121325565091
155.5,51.5092426318198,-0.16098058532669,0.153267301358029,0.186571582635454
156,51.5092435051797,-0.160979343832031,0.207368694347495,0.139518209700234
156.5,51.5092444183027,-0.160978657189053,0.208379958508303,0.0782468242637944
157,51.5092454418735,-0.160978305071123,0.241771110969213,0.0216314884362318
157.5,51.5092470801912,-0.16097826421162,0.460699544262928,-0.00139155377209649
158,51.5092497868462,-0.160978270852387,0.70295366963586,-0.0100906391455312
158.5,51.5092536900614,-0.160978367382319,0.971008740641495,-0.00987313870401406
159,51.5092586201173,-0.160978421762584,1.20363805210057,-0.00155073566559282
159.5,51.5092642239099,-0.16097838056918,1.23631435756256,0.00171012562106761
160,51.5092697799556,-0.160978460421595,1.25256283870073,-0.0194467594334469
160.5,51.5092754760251,-0.160978532243683,1.2568476368003,-0.00226327537947909
161,51.5092810825104,-0.160978556827754,1.25933874552888,0.010799790568019
161.5,51.5092867216403,-0.160978387492721,1.24422681019832,0.0178787418532894
162,51.5092922893321,-0.160978312516296,1.23412749842918,0.0174913986847208
162.5,51.5092978810195,-0.160978125915537,1.25303556706476,0.0147508203964243
163,51.5093035494737,-0.160978187012862,1.25752116458757,-0.0107967129745105
163.5,51.5093091894132,-0.160978127968342,1.24310778395626,0.0145933403876184
164,51.5093148093644,-0.160978131265655,1.26545901286427,-0.00886308417224831
164.5,51.5093204809991,-0.160978176077152,1.25988926217251,-0.00410046155985917
165,51.5093261481723,-0.160978155343382,1.25693752475654,-0.00360780784139764
165.5,51.5093318273518,-0.160978200461437,1.25869750395763,0.00485617252524748
166,51.5093374610047,-0.1609780892157,1.26707833895784,0.0169883943400721
166.5,51.5093432069724,-0.160978073992816,1.26335373583469,0.00186781404100606
167,51.5093488161703,-0.160977952304522,1.24600594539572,0.0222731292072794
167.5,51.5093544187591,-0.160977904536101,1.23414667832301,0.00483741130305607
168,51.5093600061703,-0.160977773262328,1.25741518903547,0.0126451263246188
168.5,51.5093656364811,-0.160977799067903,1.25031393500441,-0.0067818112405856
169,51.5093712865101,-0.160977912649454,1.26059272517518,-0.0238629695773657
169.5,51.5093769062639,-0.160978073970793,1.2456176738021,-0.0136290915299375
170,51.5093825087936,-0.160978115883784,1.23559448987539,-0.00720652068945359
170.5,51.5093880579774,-0.160978252553415,1.24796998423177,-0.0119434844991777
171,51.5093936856269,-0.160978246370346,1.22928649662145,-0.00130757194857985
171.5,51.5093991095655,-0.160978319137126,1.22015706009041,-0.0111647032601252
172,51.5094047095995,-0.160978363886962,1.23786762063344,-0.00683831606182545
172.5,51.509410211156,-0.160978402330274,1.23527170987926,-0.000392845572028403
173,51.5094158245051,-0.16097829042893,1.23213851866604,0.0262006609430051
173.5,51.5094213453465,-0.160978206585698,1.24098050759554,0.00588180754936979
174,51.5094269678246,-0.160978071568848,1.25494369508126,0.0167162546512265
174.5,51.5094326392319,-0.160978019640054,1.25976353325604,0.0179547170097424
175,51.5094382422557,-0.160977940369248,1.23141643531105,-0.00760544795007957
175.5,51.5094438293672,-0.160978034686146,1.25999924869331,-0.00702105408473946
176,51.5094495257753,-0.160977919520353,1.26036237457424,0.0274360981943401
176.5,51.509455136477,-0.160977864780183,1.26293333850218,-0.0033676697649296
177,51.5094608549499,-0.16097783448913,1.24003475020222,0.00875069940734277
177.5,51.5094663598301,-0.160977665581824,1.23747658317281,0.0324793562712031
178,51.5094720476837,-0.160977479790666,1.25668501049143,0.0274098738502417
178.5,51.5094776120402,-0.160977329679949,1.25425334384819,0.023599097768719
179,51.5094832436403,-0.16097709377428,1.23339782454365,0.0336580550410416
179.5,51.5094887615193,-0.16097688668685,1.22785414836249,0.0255686395950592
180,51.5094943214757,-0.160976782981214,1.23754576615413,0.000741445413458032
180.5,51.5094998468931,-0.16097674479916,1.2383427387947,0.0110997261999659
181,51.5095054524842,-0.160976694041817,1.22836656243807,0.00594994967522925
181.5,51.5095109557116,-0.160976704200036,1.23582851307004,-0.00957695688331274
182,51.5095165993164,-0.16097676632631,1.25230253719296,-0.00499944140714695
182.5,51.5095221422688,-0.160976825170953,1.24524477148861,-0.00800450051726666
183,51.5095278296066,-0.160976783818407,1.24871522357952,0.0148482885243061
183.5,51.5095334039756,-0.160976754710271,1.25363127891595,0.00378308464404938
184,51.5095390077101,-0.160976757290791,1.23403288052808,-0.00231772387535099
184.5,51.5095445279114,-0.160976711710088,1.22535222221348,0.00638973992411725
185,51.509550108968,-0.16097677561216,1.25752019048852,-0.0195561948567606
185.5,51.5095557660273,-0.160976974600041,1.25468096698578,-0.0410743232699193
186,51.509561396494,-0.16097724350107,1.25327369990421,-0.0192863790803356
186.5,51.5095670129538,-0.160977293863058,1.24678712422358,-0.00522388293799858
187,51.5095726051348,-0.16097739191846,1.22407971977013,-0.0123111019265116
187.5,51.5095781503845,-0.160977435618007,1.2668992054007,-0.00730542736241114
188,51.5095839121173,-0.160977459932168,1.26850147186324,0.00124172421350958
188.5,51.5095890194594,-0.160977479105752,1.04611105016089,-0.0117167085025997
189,51.5095931391508,-0.160977557050717,0.803456617009976,-0.00990150603163129
189.5,51.5095960204834,-0.160977701289679,0.536386345770246,-0.0275617959122793
190,51.5095977697376,-0.16097793657747,0.282703581100649,-0.0392172827765984
190.5,51.5095989629836,-0.160977900969793,0.269756865404088,0.0397461947137677
191,51.509600026815,-0.160977342144752,0.227584056181043,0.112402681354762
191.5,51.5096009753235,-0.160976263724997,0.179503912220409,0.164375553823206
192,51.5096016470528,-0.160974895716764,0.142113918642146,0.217003659456051
192.5,51.5096021778735,-0.160973205024299,0.0976794822006831,0.23167017538484
193,51.5096024351619,-0.160971612908736,0.0331733066916654,0.228532035157393
193.5,51.5096023704428,-0.160969858581029,-0.0514230249519388,0.230468043055031
194,51.5096019596538,-0.16096836656204,-0.126256111395699,0.216933996895318
194.5,51.5096012472273,-0.160966802961408,-0.173795715624598,0.18787197401819
195,51.5096004271846,-0.160965785127114,-0.197349675527238,0.131532468797553
195.5,51.5095993773779,-0.160964869310706,-0.249419060844447,0.104200293977658
196,51.5095982659715,-0.160964512866841,-0.251269011318036,0.0197582241253832
196.5,51.5095965522176,-0.16096438299043,-0.469705020251839,0.00227336889116983
197,51.5095938168426,-0.160964395120881,-0.710271974198045,-0.00026924708714806
197.5,51.5095899728914,-0.160964427417887,-0.963411993442027,-0.00955340721837273
198,51.5095849451588,-0.160964479979326,-1.22737373060188,-0.00872411539050592
198.5,51.5095792851852,-0.160964437959058,-1.26172343003863,0.0173068626067212
199,51.50957368825,-0.160964395894668,-1.24110190806521,-0.0166677444011056
199.5,51.509568016393,-0.160964606533631,-1.24911857269266,-0.0196440987157334
200,51.5095625129656,-0.160964504079314,-1.23882754073707,0.00671714449292274
200.5,51.5095568177982,-0.160964610231025,-1.26631031672408,-0.00365104060917816
201,51.509551135559,-0.160964446495408,-1.27234310336452,0.0166036237961364
201.5,51.509545428476,-0.160964334822264,-1.25890173738861,0.0258102259570347
202,51.5095397933293,-0.160964158727024,-1.25438507052065,0.0224012918761019
202.5,51.5095340977885,-0.160963955373868,-1.26294480980933,0.0267056500555372
203,51.5095284658402,-0.160963829649892,-1.26254906974709,0.00663022746922376
203.5,51.509522775496,-0.160963767168376,-1.26352310956866,0.00859372184133616
204,51.5095170943366,-0.160963637354925,-1.25363844312519,0.0236674105497185
204.5,51.5095115164573,-0.160963450451239,-1.24412798469475,0.0311386805756484
205,51.5095058797216,-0.160963204948978,-1.24110733734696,0.0190056341915301
205.5,51.5095003165737,-0.16096315144385,-1.25153836942239,0.0104924278163995
206,51.5094946163369,-0.160963064248459,-1.26793519972162,-0.00545756639757962
206.5,51.5094890351611,-0.160963174288411,-1.23381037600359,-0.013608530711654
207,51.5094834340687,-0.160963266249238,-1.23666938324946,-0.020625978104129
207.5,51.5094778914306,-0.160963456724466,-1.23787330352148,-0.0228285947460259
208,51.5094723305354,-0.160963484239768,-1.24296964383466,-0.00950448999001304
208.5,51.5094667132875,-0.16096371094676,-1.24030261556521,-0.0344726996362017
209,51.5094611766845,-0.160963756377794,-1.24675234987761,-0.00221581849546285
209.5,51.5094554599336,-0.160963851120004,-1.26259096414083,-0.00688456512005427
210,51.5094498509276,-0.160963739938168,-1.26201636939493,0.0206113977910228
210.5,51.5094440894967,-0.160963543534986,-1.25360082543568,0.0361698926091679
211,51.5094385932672,-0.160963353417789,-1.25373996842032,0.00235081841209483
211.5,51.5094328013672,-0.160963303241999,-1.26246812785553,0.0328130237854898
212,51.5094272312448,-0.160963039996534,-1.25432593155361,0.00138297584663154
212.5,51.5094215558687,-0.160963156932978,-1.25299372515581,-0.00150742999872187
213,51.5094159344412,-0.160963192197209,-1.24751872080462,-0.0393006701132919
213.5,51.5094103815263,-0.160963432431167,-1.23496195817398,-0.0102951150613965
214,51.5094047173675,-0.160963459198823,-1.2596028135838,0.0011244199699523
214.5,51.5093991393407,-0.160963345671148,-1.2453935298252,0.0122390528343948
215,51.5093935368923,-0.160963340939255,-1.22869847127161,0.00538263451588554
215.5,51.5093880354826,-0.160963302934174,-1.23833695110054,-0.00735715897376218
216,51.5093824101395,-0.16096336639902,-1.2445439990988,-0.0182297850302871
216.5,51.5093768164561,-0.16096352113314,-1.26145469862172,-0.0132967251601056
217,51.5093711870618,-0.160963611393176,-1.24173085174521,-0.0236793674972482
217.5,51.5093655480641,-0.160963689506165,-1.25336851240373,-0.00908931814608147
218,51.509359988626,-0.160963685768233,-1.24209915431966,0.00963336791778264
218.5,51.5093543096173,-0.160963719327066,-1.24415809820857,-0.0175270604505588
219,51.5093487793902,-0.160963753407169,-1.25959567570771,0.0117866264913497
219.5,51.5093430376624,-0.160963609219043,-1.26516025002468,0.010101928117928
220,51.509337461822,-0.160963677612337,-1.23881421602498,-0.0127969321483103
220.5,51.5093317670946,-0.160963621770579,-1.26801697423814,0.0102417748644893
221,51.5093262024879,-0.160963640124569,-1.23760875509408,-0.00711263275190357
221.5,51.5093205891868,-0.160963637300406,-1.23844682520129,-0.00802779452139062
222,51.5093149804553,-0.160963656343972,-1.25003303168345,0.0163348123589697
222.5,51.5093094011973,-0.160963472359956,-1.2481383175418,0.000870785304741883
223,51.5093037808867,-0.160963612645602,-1.24360607555914,-0.00909972250639647
223.5,51.5092982065332,-0.160963608681372,-1.24132315508903,-0.0155472478841867
224,51.5092925824925,-0.160963760607441,-1.25912122579455,-0.0159892050462176
224.5,51.5092869717961,-0.160963810141356,-1.24883464345305,-0.00522093874262187
225,51.5092812884005,-0.160963825876981,-1.25934206763865,0.00219193774612433
225.5,51.5092757079344,-0.160963779082994,-1.24454179921509,-0.000422101333123495
226,51.5092700268924,-0.160963869369749,-1.26231564675412,-0.00546197947057549
226.5,51.5092644250557,-0.160963806584216,-1.25115054517309,-0.00278957611674046
227,51.5092587255124,-0.160963931645424,-1.25992144332911,-0.00917788258607695
227.5,51.5092536600381,-0.160963784642197,-1.03988927423447,0.0260775383259029
228,51.5092495616444,-0.160963652179214,-0.805077460838066,0.0222634096603668
228.5,51.5092466523559,-0.160963465121338,-0.55880838712165,0.0164397198953791
229,51.5092447866159,-0.160963432596437,-0.303464882252861,0.000590064888347931
229.5,51.5092436557722,-0.160963074763662,-0.233415743535299,0.0779742881308551
230,51.5092426249649,-0.160962315525309,-0.226435592765127,0.126051765571774
230.5,51.5092416764795,-0.16096120362923,-0.206167438322744,0.169344805429489
231,51.5092409581204,-0.160959746045127,-0.118322062090148,0.222942153665509
231.5,51.5092405537089,-0.160958031748212,-0.0747987821876504,0.240376620228799
232,51.5092404068709,-0.160956324059567,-0.0100329603897075,0.250822408131204
232.5,51.5092405209791,-0.160954409436164,0.0484052818028044,0.264546122408451
233,51.5092409247531,-0.160952652892895,0.114988121682423,0.22783036105269
233.5,51.509241552379,-0.160951175622556,0.153889626394455,0.194909305521035
234,51.5092423626799,-0.160950001806486,0.201814914854149,0.140299834828464
234.5,51.5092433511582,-0.160949213502001,0.221429776418011,0.082943518998351
235,51.5092443705807,-0.160948971889344,0.226965570193235,0.000507925342345773
235.5,51.5092459511808,-0.160948967735562,0.458366806483933,0.00258542853186878
236,51.5092487065626,-0.160948878591157,0.722237599067681,0.0162236467377787
236.5,51.5092525902494,-0.160948802131637,0.970409643685668,0.00467045784732798
237,51.5092576571685,-0.160948707864333,1.21687629980574,0.0244664524570169
237.5,51.5092632159509,-0.160948583193992,1.24044769723401,0.01258328137672
238,51.5092688213028,-0.160948465037878,1.24215033721027,0.0241523986119493
238.5,51.5092744259184,-0.160948313815005,1.2440769109896,0.0148686438279447
239,51.5092799999043,-0.160948388071601,1.23437272284605,-0.0318490013300083
239.5,51.5092855946461,-0.16094857287223,1.24363683080614,-0.0231653385717849
240,51.509291157176,-0.160948798848293,1.24268805565365,-0.023702914734787
240.5,51.5092967931999,-0.160948880877133,1.24930988161107,-0.00692104569494066
241,51.5093023805369,-0.160948926297751,1.23899180665405,-0.00171004412657731
241.5,51.5093079990978,-0.160948881931536,1.25444996746264,0.000811302171567149
242,51.5093135590019,-0.160948870562143,1.2267742301063,0.000817190579495551
242.5,51.5093191442102,-0.16094879151222,1.24504014886594,0.0286274743947945
243,51.5093247480771,-0.160948644098529,1.25212356564516,0.0136316923384988
243.5,51.5093304198038,-0.160948659553183,1.25486261939116,-0.0201966047711374
244,51.5093359991631,-0.160948724094378,1.24702499520481,0.00271832586845163
244.5,51.5093416823741,-0.160948703181269,1.23766857873031,0.0036217166982475
245,51.5093471723794,-0.160948723091576,1.24676575501407,-0.00466515347755219
245.5,51.509352874323,-0.160948838792594,1.25299143309647,-0.0301976036627858
246,51.5093583951888,-0.160948871751078,1.22207220723401,0.0112621353621256
246.5,51.5093639535976,-0.160948918733128,1.23183487281451,-0.00240183435944949
247,51.5093695067937,-0.160948855753427,1.24582151078877,0.00177111108096721
247.5,51.5093751215832,-0.160948853847979,1.2288404515075,0.00558245769588252
248,51.5093806308431,-0.160948873539374,1.24195167615577,-0.00680237610433145
248.5,51.5093861941762,-0.160948895503653,1.2196775016871,-0.00850515558340537
249,51.5093917263811,-0.160949025725121,1.24693664389676,-0.0125139816119502
249.5,51.5093973465758,-0.160949133422184,1.23421590230414,-0.0258156424159599
250,51.5094028796411,-0.160949332322261,1.24655370975487,-0.0277865329190833
250.5,51.5094084728516,-0.160949531134053,1.23003192100509,-0.028684050888474
251,51.509414060698,-0.160949791056506,1.23603524679119,-0.0357591976768636
251.5,51.5094196319928,-0.160949976229167,1.25210603882214,-0.0281144604762301
252,51.5094252929059,-0.160950205306168,1.25119224712243,-0.0223502381359818
252.5,51.5094308940076,-0.160950299604705,1.25285506872972,-0.00839628764281478
253,51.5094365110614,-0.160950383451279,1.23044554093649,-0.0139086478849818
253.5,51.5094420599349,-0.160950386852328,1.23485303746377,0.00457057264344258
254,51.5094476928125,-0.160950448888071,1.27311827518758,-0.017502812237545
254.5,51.5094533719078,-0.160950606123647,1.25502689872306,-0.0237153764689212
255,51.5094590191854,-0.160950676212844,1.24564408733513,-0.00811905183637096
255.5,51.5094646079189,-0.160950767549379,1.25134042608358,-0.013772768692642
256,51.5094703159727,-0.160950837823166,1.25726095093565,-0.00424544160332231
256.5,51.5094758962077,-0.160950812364572,1.24823686758773,0.0196512481437024
257,51.5094815553556,-0.16095073267299,1.25770827486032,0.00374024764169596
257.5,51.5094871801554,-0.160950670527338,1.24465156213907,0.0123164171717826
258,51.509492751348,-0.160950648294683,1.23864786310722,-0.0163858120585901
258.5,51.5094984046971,-0.160950774795954,1.26169265360934,-0.0089748004968034
259,51.5095039957856,-0.160950775887369,1.23951586374091,0.0148777966910777
259.5,51.509509610224,-0.160950609123555,1.24242119957657,0.01103756154742
260,51.5095152296854,-0.160950526631914,1.26258058089651,0.0206672974202563
260.5,51.5095208867031,-0.160950372041285,1.24267699152342,0.0313720112731246
261,51.5095264540579,-0.160949992672819,1.25729907814268,0.0556625446092529
261.5,51.5095322134818,-0.16094967493571,1.26500748129536,0.0495532681802079
262,51.5095378269349,-0.160949155665317,1.26942674151888,0.071052614667655
262.5,51.5095436325822,-0.160948792193721,1.27094639323496,0.0567079883777246
263,51.5095492601999,-0.160948342743753,1.27175752396503,0.0638837187516392
263.5,51.5095550279191,-0.160947943248282,1.24523293363048,0.0384442141846839
264,51.5095605020054,-0.160947804308959,1.23565842927764,0.0251287000821848
264.5,51.509566161489,-0.160947514444298,1.24504671591059,0.025008284427535
265,51.5095716676043,-0.160947525546719,1.23517962561438,0.00393653065037074
265.5,51.5095772817605,-0.160947433215017,1.23196041907058,-0.000388770511107112
266,51.5095827733219,-0.160947383119366,1.24600637924831,0.0247510887389252
266.5,51.509587960391,-0.160947302510888,1.04547285944123,-0.0023547896183288
267,51.5095919773914,-0.160947384474866,0.810182230785905,-0.0257614233341935
267.5,51.5095950168006,-0.160947490275242,0.556178548759189,0.00782451927308726
268,51.5095967699549,-0.16094746082934,0.303457919398013,-0.0152731787251253
268.5,51.509598080863,-0.160947466955314,0.258526928055212,0.0119454210430171
269,51.5095990755247,-0.160946973041394,0.223147596982895,0.109024402157189
269.5,51.5096000567119,-0.160945971676305,0.205415013456298,0.167344280524375
270,51.5096007655158,-0.160944520807044,0.137721687462929,0.229644513213438
270.5,51.5096012769334,-0.160942838517099,0.0839697105150757,0.226444147407881
271,51.5096014619673,-0.160941103598619,0.0182023099503049,0.255793829978649
271.5,51.5096013691742,-0.160939262245924,-0.0527165684590021,0.238434507538617
272,51.5096008942494,-0.160937514794025,-0.138928189775417,0.25734889648241
272.5,51.5096002106039,-0.160935873856753,-0.168618812051589,0.207953719975374
273,51.509599268833,-0.160934588825138,-0.231729549040813,0.148510790593303
273.5,51.5095982678054,-0.160933907023139,-0.215789560264965,0.0565529446853714
274,51.5095972249584,-0.160933659966667,-0.246772559384246,0.0149672483631336
274.5,51.5095955571377,-0.160933623982218,-0.458451626854409,-0.00117540961496929
275,51.5095929317522,-0.160933622152737,-0.69277385729428,-0.00393293590751764
275.5,51.5095890361432,-0.160933715961838,-0.954773944209192,-0.022237678332099
276,51.5095841497224,-0.160933857408084,-1.2197834231479,-0.0213234311491258
276.5,51.5095783869572,-0.160934001073364,-1.27769388503395,-0.0113545482615769
277,51.5095727138386,-0.160933876823908,-1.26988473494981,0.0235377589844145
277.5,51.5095669248191,-0.160933752164247,-1.26868519389902,0.0176706586809224
278,51.5095613349726,-0.160933597006641,-1.25353584375723,0.0200923088297012
278.5,51.509555644466,-0.160933483177994,-1.24281937715429,0.0133900040825143
279,51.5095500767575,-0.160933396887646,-1.26077433261847,-0.000879045384737053
279.5,51.5095443522592,-0.160933350398057,-1.27097716996196,0.00767370882027551
280,51.5095386562725,-0.160933327836547,-1.26963097973401,0.000214415173294479
280.5,51.5095329657956,-0.16093333407211,-1.25590464795126,0.00199397428615028
281,51.5095273649482,-0.160933295599754,-1.2432845879503,0.00970270520415811
281.5,51.509521757283,-0.16093315618874,-1.24177236088166,0.0125059903941121
282,51.5095162154109,-0.160933208912734,-1.23378956908818,-0.0102466388151237
282.5,51.5095106199607,-0.160933201303527,-1.24376949385428,0.00358558075459099
283,51.509505036035,-0.160933171860977,-1.24609581844766,-0.00754728379336072
283.5,51.509499403849,-0.160933205032705,-1.24687368184371,0.00246253530583992
284,51.5094938552825,-0.160933096267472,-1.25165155245096,0.0114410088313812
284.5,51.5094881603164,-0.160932986914574,-1.24769671061425,0.022171863450566
285,51.5094825864377,-0.160932680414128,-1.24022393418287,0.0472677779265911
285.5,51.5094769880355,-0.160932339871799,-1.23969724188337,0.0570072249596753
286,51.5094714292003,-0.16093183299135,-1.24075811854626,0.0656887680737092
286.5,51.5094658252573,-0.160931503296317,-1.23931053867131,0.0368936312958293
287,51.5094602298826,-0.160931162021872,-1.26088725944754,0.0539795012214298
287.5,51.5094545640389,-0.160930780390147,-1.25710659814606,0.0384767209210844
288,51.5094488811511,-0.160930531667917,-1.27544383623589,0.0419748385168457
288.5,51.5094431476536,-0.160930280498316,-1.26255986763198,0.0207492596675967
289,51.509437522938,-0.160930019071866,-1.24892998555704,0.0341577058690179
289.5,51.5094318498956,-0.160929882665031,-1.25874266443036,0.0190611354978702
290,51.509426231278,-0.160929748889083,-1.26612670150115,-0.00390757946630427
290.5,51.5094204745835,-0.160929874296746,-1.26829167554963,0.00366446585541501
291,51.5094147542809,-0.160929678785401,-1.27838238044508,0.0122696870366634
291.5,51.5094090627169,-0.160929700247775,-1.25761524184206,0.0041779813896564
292,51.5094033832756,-0.160929672555609,-1.27001069983997,-0.0116000235600733
292.5,51.509397630011,-0.160929753688648,-1.27530242920506,-0.0113445757889895
293,51.5093919523764,-0.160929793479524,-1.26020647890313,-0.00599100253367563
293.5,51.5093863404964,-0.160929905864184,-1.25096124178592,-0.0238338496123051
294,51.5093806938105,-0.160930131672428,-1.23662544949709,-0.0388837609026493
294.5,51.5093751261125,-0.160930354182297,-1.24720831245129,-0.0272247253603677
295,51.5093695463596,-0.160930583999505,-1.24585330917754,-0.033687302849971
295.5,51.5093639300767,-0.160930845495462,-1.23533394862208,-0.0423320159592384
296,51.5093583943629,-0.160931179574523,-1.24574891711543,-0.0441381880719895
296.5,51.509352823857,-0.160931290361328,-1.22443679249642,-0.0133632472597517
297,51.5093472347058,-0.160931348904068,-1.2466037552366,0.0250401906579839
297.5,51.5093417161648,-0.160931121005398,-1.22307113654823,-0.00290470056954187
298,51.5093361098111,-0.160931305192226,-1.25942861908221,-0.0137970766129332
298.5,51.5093304565406,-0.160931325805917,-1.26479298661139,-0.0218758033084179
299,51.5093248151876,-0.160931533948982,-1.23859606070231,-0.01612651261421
299.5,51.5093192551471,-0.160931670997145,-1.23983208063126,-0.0465946217100119
300,51.5093136686722,-0.160932095395499,-1.23871720126957,-0.055040771778461
300.5,51.509308035792,-0.160932314986228,-1.26576329869104,-0.016572640507398
301,51.5093023508906,-0.160932444818375,-1.25609867109467,-0.0052842852964215
301.5,51.5092968100341,-0.160932500432569,-1.2352227728376,-0.0255510043739222
302,51.5092911802737,-0.160932672853519,-1.23900041445357,-0.0186602098849321
302.5,51.509285668082,-0.160932676978205,-1.23385465498568,0.000821890511622597
303,51.5092801107257,-0.160932700779202,-1.22775631287043,0.00866934289829972
303.5,51.5092745726991,-0.16093265509103,-1.24691347965445,-0.0113887937162762
304,51.5092689853326,-0.160932741672256,-1.22474376280265,-0.00952868870793844
304.5,51.5092634142289,-0.160932766903106,-1.26533747605182,-0.00114688184294584
305,51.5092577583513,-0.160932704495197,-1.25461526280298,0.0129236838110273
305.5,51.509252662335,-0.16093262476763,-1.01179547631174,0.0183793278777641
306,51.5092487492395,-0.160932400110813,-0.792821147776539,0.0307814581864091
306.5,51.5092458310344,-0.160932351266185,-0.55007712361847,-0.00906722119379324
307,51.5092440247356,-0.160932347578721,-0.287936854988538,0.00237525602171961
307.5,51.509242875721,-0.160932100958009,-0.254322497567238,0.0590231979102046
308,51.5092418099242,-0.160931456972026,-0.213697950136639,0.105393687708382
308.5,51.5092409889617,-0.160930439058347,-0.1653617869675,0.168175530961251
309,51.5092403537392,-0.160929018482127,-0.123639579592632,0.2202172991101
309.5,51.5092399148481,-0.160927301919941,-0.0817388043097963,0.243148512736748
310,51.5092397496534,-0.160925642163266,-0.00961822267390039,0.228711873453795
310.5,51.5092398973361,-0.160923884881493,0.0655128813488258,0.2458712718373
311,51.5092402990106,-0.160922182232447,0.101693784005295,0.24304381460858
311.5,51.5092408704414,-0.16092060314105,0.144909928171339,0.196357187802349
312,51.5092417051838,-0.160919410332553,0.212077390194613,0.14505626444021
312.5,51.5092426704546,-0.160918548364476,0.213442072357625,0.103824041479666
313,51.5092436371188,-0.160918108624585,0.219232795330198,0.0338817291806236
313.5,51.5092451784083,-0.160917905741523,0.444652917966179,0.0192843735281706
314,51.5092478564915,-0.160917746883227,0.703413474551584,0.0298088513343173
314.5,51.5092516739125,-0.160917551779807,0.933260556551447,0.0222200353775694
315,51.509256558635,-0.160917357887312,1.19228062839986,0.0196269326256174
315.5,51.5092620047758,-0.160917344994327,1.2282851133202,0.0054344650705238
316,51.5092675664745,-0.16091714536586,1.23849240179371,0.0300713922443295
316.5,51.5092732136549,-0.16091708083427,1.24740296462211,0.000628918308159525
317,51.5092788064321,-0.160917068481571,1.26629279740329,0.00932408479048725
317.5,51.5092845160472,-0.160916888041356,1.2628777169612,0.026571176431325
318,51.5092902138619,-0.160916746256247,1.25460251904783,0.0168821874175688
318.5,51.5092958396521,-0.160916623844784,1.25316039076434,0.0074335898289126
319,51.5093014872112,-0.16091670408597,1.25095782847188,-0.00233669542159159
319.5,51.5093070929998,-0.160916668577266,1.24758413305785,-0.00376184033010267
320,51.5093127463064,-0.160916745147822,1.25558061328976,-0.000632163876761373
320.5,51.5093183623008,-0.160916727363003,1.25808128780204,0.00056182058662043
321,51.5093240582851,-0.160916781296235,1.25785369232177,-0.0132213317871718
321.5,51.5093296442635,-0.160916912758738,1.2343971421503,-0.00703278306083702
322,51.5093352152105,-0.160916833986449,1.22894253435357,0.00290507249659414
322.5,51.5093407314859,-0.160916979266216,1.23829740596443,-0.0174260198505131
323,51.5093463502094,-0.160917120372891,1.25171724802142,-0.0260910254027975
323.5,51.5093519831171,-0.160917314707549,1.25206919534581,-0.0247397756681368
324,51.5093575888748,-0.160917429368012,1.23638703363351,-0.00518967600534402
324.5,51.5093631523324,-0.160917564641656,1.24716899141152,-0.0195469920773872
325,51.5093688512786,-0.160917763749733,1.27488851869787,-0.0414167975605785
325.5,51.5093745423615,-0.160918042578312,1.25923394211087,-0.032754947982231
326,51.5093802118403,-0.16091808001656,1.25623071436142,0.0176293727127305
326.5,51.5093858892348,-0.160918083975059,1.25924852523101,-0.0130265733771991
327,51.5093915457052,-0.160918191783933,1.2719983995772,-0.0129306973188008
327.5,51.5093972424245,-0.160918331542506,1.26402377489704,-0.0137520889612047
328,51.5094028900595,-0.160918380850611,1.23563675051086,-0.0115801481151911
328.5,51.5094084526488,-0.160918531839834,1.23758194619411,-0.0118739966496218
329,51.5094140019064,-0.160918609859552,1.22880057129807,-0.0176870927324993
329.5,51.5094196012012,-0.160918774481487,1.24892586379357,-0.0200763840330108
330,51.5094252164897,-0.160918828851747,1.26088811906325,0.00671794294373306
330.5,51.5094308825851,-0.160918753189959,1.2458145192012,0.0193325911352124
331,51.5094364380417,-0.160918577654072,1.23548011790648,0.0261240541633801
331.5,51.5094420520439,-0.160918410330389,1.26320389795623,0.0308377435400553
332,51.5094476891687,-0.16091825843241,1.23766620601814,0.0053081438511474
332.5,51.5094532470784,-0.160918258926723,1.24203576675339,0.011611286984541
333,51.5094589398228,-0.160918244954905,1.26910883339029,-0.0164909651760961
333.5,51.509464563362,-0.160918370561485,1.24291525126837,-0.000978353565087207
334,51.5094701870494,-0.160918318200181,1.24133909568189,0.00209277391269825
334.5,51.5094757541602,-0.160918438952804,1.25287183169506,-0.0150507934041766
335,51.5094813830807,-0.160918459207984,1.24143435396361,5.45125134502333e-05
335.5,51.5094869706729,-0.160918460395648,1.24791138640995,0.0090213654084912
336,51.5094925867889,-0.160918390345718,1.23914736776985,0.00176543011054221
336.5,51.5094981499186,-0.160918341059491,1.24192673621364,0.0214759431546145
337,51.5095037583362,-0.160918254889738,1.25957990074625,0.00152303234404686
337.5,51.5095094812868,-0.160918324253748,1.255727477382,-0.0155202649473847
338,51.5095150258232,-0.16091831758319,1.24490491648417,0.0109354642801256
338.5,51.509520696316,-0.160918353978946,1.25254718090702,-0.00869729739929978
339,51.5095262773793,-0.160918326936947,1.22838234955791,0.00914465434358341
339.5,51.5095318155432,-0.160918265526755,1.24471007682092,-0.00491131835116115
340,51.5095374307877,-0.160918423373143,1.2423551090997,-0.0153985944919233
340.5,51.5095430402757,-0.160918469438205,1.25303907850102,0.00157974760832832
341,51.5095486489439,-0.160918344880867,1.24646366915905,0.0224488423874411
341.5,51.5095542868692,-0.160918284134982,1.26453547555834,0.00461614244061784
342,51.5095599867788,-0.160918311899043,1.27330853003257,-0.00792379403947954
342.5,51.5095657133935,-0.160918365732134,1.25132587964058,-0.00971282528908482
343,51.509571294142,-0.160918390063827,1.24647714441272,-0.00182689595573526
343.5,51.5095768956744,-0.160918429301597,1.2327411226329,0.00697860867009528
344,51.5095824516404,-0.160918489729932,1.24085074079074,-0.039111979764816
344.5,51.509587498748,-0.160918817319843,1.02732561533534,-0.028447036167853
345,51.5095914845765,-0.160918852560322,0.78380792614289,-0.00545088085372732
345.5,51.5095943696459,-0.160918952829113,0.547921912072741,-0.00330816905658307
346,51.5095961521391,-0.160918924211259,0.282100347352799,-0.0081100123683604
346.5,51.509597230028,-0.160918765012456,0.221561747082532,0.0536258033349064
347,51.5095981086242,-0.160918100097167,0.190295735580101,0.113733808308957
347.5,51.5095989360505,-0.160917173967847,0.16670781977323,0.135547881405468
348,51.5095995699981,-0.160915947526188,0.133421708810932,0.197557774989476
348.5,51.5096000401444,-0.160914499826657,0.0764418373733163,0.191885851638456
349,51.5096001584283,-0.160912936759604,-0.00202431646441465,0.238334978536805
349.5,51.509600036971,-0.160911297562576,-0.047395452376202,0.224921033286196
350,51.5095996789209,-0.16090978126529,-0.0995058618419332,0.196231515468689
350.5,51.5095991025309,-0.160908486339761,-0.149136842345783,0.165081680360727
351,51.509598323146,-0.160907501594624,-0.199343516323033,0.12383576760419
351.5,51.5095972638896,-0.160906809292352,-0.242258535428829,0.0629769980101316
352,51.509596224968,-0.160906653260447,-0.250024544165951,0.00231495051716987
352.5,51.5095944959304,-0.160906685710306,-0.467310922361598,-0.0189684564052245
353,51.5095917799901,-0.160906920234552,-0.71555705689055,-0.0394146988748961
353.5,51.5095878416649,-0.160907157651053,-0.980397974413961,-0.0359372949480453
354,51.5095829105773,-0.160907502418495,-1.20184209567987,-0.0550321415545315
354.5,51.509577265693,-0.160907704719123,-1.24198212473033,0.000472872701409832
355,51.5095717807309,-0.160907659328443,-1.24080886324487,-0.00882564281782784
355.5,51.5095660803532,-0.160907752074724,-1.25737651946391,-0.00140115561098342
356,51.5095605100837,-0.160907738551102,-1.2454537414586,-0.00304917074717895
356.5,51.5095549214237,-0.160907792500663,-1.23309943642286,-0.0141844800554844
357,51.5095492834429,-0.160907840845207,-1.27524477004459,-0.00887852437374691
357.5,51.5095435853196,-0.160907825023162,-1.26437721148481,0.0165321653163113
358,51.5095378630731,-0.160907659159815,-1.27044630302994,0.0329306795822424
358.5,51.5095321802092,-0.16090734220938,-1.26331110054496,0.0381060162832301
359,51.5095265163637,-0.160907182621185,-1.27040062083593,0.0183913342740425
359.5,51.5095207516235,-0.160907021967939,-1.26797902970374,0.019997898101336
360,51.5095150956021,-0.160906948491047,-1.26719867410173,0.00221207362650984
360.5,51.5095093827305,-0.160906900534349,-1.26292852464573,-0.000729198076058479
361,51.5095037735391,-0.160907014584952,-1.25722170733135,-0.0139207800683712
361.5,51.5094980601032,-0.160907002608763,-1.25291596921465,-0.0110700442268623
362,51.5094924827771,-0.160907106278223,-1.26232187900366,-0.00216234612004414
362.5,51.5094867715686,-0.160907074054448,-1.24555815249973,-0.00142572879672134
363,51.5094811796304,-0.160907067286256,-1.26603783189664,0.00675770951050798
363.5,51.5094755570404,-0.16090697240844,-1.23808249215143,0.0069785790886172
364,51.5094699039844,-0.160907007430688,-1.23887767945575,-0.00231700030353388
364.5,51.5094644399844,-0.160906899653996,-1.24745389529869,0.00708074000653282
365,51.5094586988287,-0.160906888144078,-1.26235534710405,0.0144033956117033
365.5,51.5094530750024,-0.160906765640662,-1.2555755680566,0.00365852486732798
366,51.509447356286,-0.160906775129929,-1.28935437177631,0.000291184429952233
366.5,51.5094416344317,-0.160906676766317,-1.25509376647785,0.0157444776572815
367,51.5094360346373,-0.160906543820922,-1.24147336233135,0.00989499230477687
367.5,51.509430449377,-0.160906406421243,-1.25287185435747,0.0399507428352558
368,51.5094247787797,-0.160906177175864,-1.25377487122672,0.0163371322900285
368.5,51.5094192116221,-0.160906082028501,-1.24647344926168,0.00588899491417202
369,51.5094135443424,-0.160906123717508,-1.24920811672929,-0.0205647465681571
369.5,51.5094079660901,-0.160906181844416,-1.25621385131742,0.0152550189516749
370,51.5094023026055,-0.160906073027596,-1.23897332393949,0.0108347142105534
370.5,51.5093967834691,-0.160906021949347,-1.22463420117431,0.00609535396217165
371,51.5093912639319,-0.160905978293396,-1.237545292372,0.00281498214334954
371.5,51.5093857073138,-0.160906020687078,-1.23341727420281,-0.0172008728495334
372,51.5093801474915,-0.160906075696198,-1.24550473212087,0.00150508779842534
372.5,51.5093745595988,-0.160906089714401,-1.22717038065579,-0.0118575630930199
373,51.5093690295933,-0.160906075882918,-1.24454179195373,0.00887619131495899
373.5,51.5093634046573,-0.160905943435713,-1.24214185908055,0.0297176727348731
374,51.509357891399,-0.160905706109284,-1.24248396057861,0.0259424376348179
374.5,51.509352227747,-0.160905548959079,-1.25141462729294,0.0272375029782848
375,51.509346606665,-0.160905289179306,-1.26093111955253,0.0264624054613997
375.5,51.5093409608733,-0.160905174062039,-1.24621097074795,0.0163630348972393
376,51.5093353018002,-0.16090497231282,-1.27084036055399,0.0252617751342775
376.5,51.5093295798803,-0.160904827887965,-1.27092895534963,0.0295158840441217
377,51.5093239894581,-0.160904740439033,-1.23847594641648,-0.00218715200654344
377.5,51.5093183279022,-0.160904620566942,-1.24729519285556,0.0108718509844826
378,51.5093128080246,-0.160904632955948,-1.23598995910014,0.00879763185473149
378.5,51.5093071138754,-0.160904467478228,-1.26936499671545,0.0201483806132686
379,51.5093015175323,-0.160904353630593,-1.24725401966322,0.0143621171892469
379.5,51.5092958445331,-0.160904390585021,-1.26237917297587,-0.0275679296016329
380,51.5092901889681,-0.160904623683454,-1.25120782181806,-0.0264369121000297
380.5,51.5092845647686,-0.160904792054157,-1.26840857792582,-0.029995574919544
381,51.5092788686332,-0.160905083152677,-1.24854190890196,-0.0357353387277844
381.5,51.5092733189504,-0.160905175113399,-1.23870492439662,-0.00938963376350585
382,51.5092677149607,-0.160905309702344,-1.25250820220651,-0.0326693071049643
382.5,51.5092620217659,-0.160905515358995,-1.25693805340436,-0.0103738076909674
383,51.5092564664538,-0.16090563404259,-1.25131701940626,-0.0364622730114023
383.5,51.5092513123895,-0.160905723054527,-1.03588338282156,0.012200494706881
384,51.5092472967235,-0.160905574056517,-0.79402506243522,0.0227821549830851
384.5,51.5092444239896,-0.160905475423996,-0.553493839368636,0.012060938259454
385,51.5092425385956,-0.16090538790724,-0.300120756142949,0.00392015836684597
385.5,51.5092414250701,-0.160905167945263,-0.263538751269416,0.0511983835903691
386,51.5092402416577,-0.160904455159116,-0.223694615615269,0.124236186222322
386.5,51.5092394332753,-0.160903463894924,-0.18328436495808,0.15086834317817
387,51.509238726657,-0.160902115961418,-0.115917621653434,0.212915539881782
387.5,51.5092383925834,-0.160900447365286,-0.066944429643785,0.246337324847155
388,51.5092382071302,-0.160898570926597,-0.0143912339741258,0.275915761113543
388.5,51.5092383341317,-0.160896658580769,0.0460093191003916,0.253245529249758
389,51.5092386628228,-0.16089490022665,0.0954024523228763,0.239200827774967
389.5,51.5092392945,-0.160893451793604,0.167093170125779,0.170364081573789
390,51.5092400891088,-0.16089237458144,0.188683428536844,0.142060848122291
390.5,51.5092411074872,-0.160891542404489,0.23659420077881,0.0909282540266238
391,51.5092421849053,-0.160891284818204,0.255423166065053,0.00118358503855253
391.5,51.5092438334273,-0.160891220657581,0.452972009791413,0.017523128495486
392,51.5092466051947,-0.160891031783291,0.715075895036654,0.0365223312794268
392.5,51.5092504208019,-0.160890843734938,0.960186954626507,0.0192393647290429
393,51.5092554254484,-0.160890774297243,1.20765214312171,-0.00171894035927005
393.5,51.5092610280036,-0.1608907892528,1.24629033790851,-0.000453540714857944
394,51.5092666574502,-0.160890934796092,1.25965254494673,-0.0291606754876112
394.5,51.5092722893961,-0.160891225208978,1.25102260427428,-0.0540759988306415
395,51.5092779498686,-0.160891497448131,1.23187066847002,-0.0178726871916027
395.5,51.5092834887089,-0.160891551244456,1.24406918585156,0.00529151650951409
396,51.5092890835793,-0.160891669276311,1.24411063711069,-0.0241689319125803
396.5,51.5092946551914,-0.160891803566076,1.23399718992067,-0.0134394837754854
397,51.509300280311,-0.160891941385209,1.24641427078702,-0.0328058915011954
397.5,51.5093058357517,-0.16089219544729,1.23226993697418,-0.028222004082059
398,51.5093114053053,-0.160892332280286,1.24893125537442,-0.0213133784543323
398.5,51.5093170649374,-0.160892508582951,1.25764220291247,-0.0118046781603292
399,51.5093227733024,-0.160892636104597,1.27525823915593,-0.0312882977269472
399.5,51.5093284701815,-0.160892828283592,1.24876322127654,-0.00889929364519991
400,51.5093340433229,-0.16089270723365,1.23825624565892,0.02384374179827
400.5,51.5093396657044,-0.160892702936867,1.25784544749351,-0.00455730273688637
401,51.5093452698232,-0.160892622106039,1.22652648441555,0.0168204263039123
401.5,51.5093508361719,-0.160892562015824,1.25518992398318,0.00307810262210739
402,51.5093564663396,-0.160892699562584,1.25031677263614,-0.0191712721478875
402.5,51.5093621426055,-0.160892789829321,1.24292556427644,-0.0336422945024239
403,51.509367682355,-0.160893197036037,1.25352807434232,-0.0451481350374466
403.5,51.5093734099136,-0.160893493153873,1.25462347343421,-0.0543183017360568
404,51.5093789804139,-0.160893901217721,1.24698399824856,-0.0534059044354395
404.5,51.5093846780503,-0.160894283032816,1.25357907408217,-0.0369719232917105
405,51.5093901563949,-0.160894361321599,1.21509279794157,-0.00514508338614876
405.5,51.5093957455578,-0.160894478295981,1.23827521041836,-0.0173893880832013
406,51.5094012662544,-0.160894491694828,1.23972486592469,0.00703936104877335
406.5,51.5094069250255,-0.160894455103015,1.24027529024556,0.00147600388844428
407,51.5094124417574,-0.160894507672282,1.2349733334968,-0.00192555812371312
407.5,51.5094180094514,-0.160894541663001,1.24663008478873,-0.00671088173501212
408,51.5094237252461,-0.16089450530994,1.26888736823776,0.00212374418118076
408.5,51.5094292937675,-0.160894505746508,1.24424737093884,0.0164111606567851
409,51.5094349672792,-0.160894331174498,1.22757083171707,0.0125013383574184
409.5,51.5094404810451,-0.160894288856204,1.2586576765419,0.0219986106741078
410,51.509446190956,-0.160894141328237,1.25657315958056,0.0087031465952194
410.5,51.5094517778102,-0.160894041269668,1.23754249594495,0.0214844414094574
411,51.5094573854784,-0.16089383511437,1.24821472882927,0.0242104352442822
411.5,51.5094629593707,-0.16089366514531,1.23230996810774,0.0257232495898214
412,51.5094685325401,-0.160893610086294,1.23597797981017,0.0100131607868676
412.5,51.5094741246127,-0.160893447876811,1.24545158187588,0.0238164083809907
413,51.5094796818591,-0.160893258177797,1.22889078447187,0.0302541332790547
413.5,51.5094852508033,-0.160893079448809,1.25087758150625,0.00872777377280776
414,51.5094909013451,-0.160893095168668,1.23468400389773,0.00753642241353294
414.5,51.5094963691665,-0.160893056854716,1.23725969684749,-0.0116019261790145
415,51.5095020065351,-0.160893213962183,1.23139347152856,-0.0164547632577874
415.5,51.5095075149431,-0.16089323995598,1.23625954209599,-0.0106293957306483
416,51.5095131797524,-0.160893443759394,1.26402414155486,-0.0281557476137048
416.5,51.5095187444182,-0.160893489913738,1.22097113096494,0.00901576265121568
417,51.5095242524119,-0.160893585340054,1.2340019171496,-0.0237115055948606
417.5,51.5095298335095,-0.160893781648602,1.23325366137228,-0.0430573324556113
418,51.5095354258032,-0.160894093557642,1.248740683295,-0.0246327371760685
418.5,51.5095409888148,-0.160894237971336,1.24222135024376,-0.0190887964491426
419,51.5095466195117,-0.160894232747831,1.24078420352033,0.000268140191057351
419.5,51.5095521780226,-0.160894342257747,1.23619104308407,0.00610379559875726
420,51.5095577449711,-0.16089422821419,1.23821155623471,-0.0120873468413249
420.5,51.5095633176529,-0.160894309462619,1.2300833329652,0.00964867381950412
421,51.5095688931765,-0.16089416873922,1.2540282122348,0.0191472192635411
421.5,51.509574483109,-0.160894067618355,1.23653072453159,0.0208691680073173
422,51.5095800674137,-0.160894013835882,1.24614785968946,-0.00028182747111568
422.5,51.5095851746387,-0.160893972164329,1.01792036092075,-0.00404736823387184
423,51.5095890722195,-0.160894101327235,0.787722259141352,-0.0204764185910358
423.5,51.5095920482576,-0.160894223594554,0.54272791796114,-0.0187659003515643
424,51.5095938148361,-0.160894312359996,0.321317560228985,-0.00848341743880564
424.5,51.5095948542916,-0.160894414884442,0.153045251136026,-0.0148374282194797
425,51.5095951465018,-0.160894498396303,0.0189275776821988,-0.0162027365276307
