0,51.5092544212762,-0.161045351271121,0,-0
0.5,51.5092545110418,-0.161045357980519,0.0339565030005776,-0.00158376263063303
1,51.5092551394882,-0.161045384752091,0.21395885064011,-0.00521083230764464
1.5,51.5092565999662,-0.161045360908799,0.40269773948411,0.00927582395877987
2,51.5092590491232,-0.161045365769155,0.644577562145018,-0.00764037019752849
2.5,51.5092624194984,-0.161045367658432,0.823739679308223,0.00490229266643491
3,51.5092669583428,-0.161045314760897,1.14033420353256,0.00905492730840407
3.5,51.5092721484204,-0.161045211071462,1.16506621260497,0.0181375745995235
4,51.5092779401622,-0.16104539399198,1.37535108431297,-0.0558749189687771
4.5,51.5092836200976,-0.161045699699619,1.18585758248753,-0.0330502176371172
5,51.5092890802239,-0.161045755491286,1.23535376697607,0.00996546294753519
5.5,51.5092948773092,-0.161045723360651,1.32817113394198,0.000608649521106259
6,51.5093007403977,-0.161045816991221,1.28816661248805,-0.0225276566014057
6.5,51.5093066226876,-0.161045736095873,1.32343329545168,0.034864795694397
7,51.509312057068,-0.161045579157585,1.12931163031874,0.0126400941603079
7.5,51.5093177184959,-0.161045525298089,1.35108422551761,0.00386552427533555
8,51.5093234451627,-0.161045600961439,1.22052192156088,-0.0205662774179734
8.5,51.5093291244559,-0.161046005847766,1.293995092362,-0.0811774218643965
9,51.5093347149905,-0.161046357828282,1.20898830107606,-0.0262611419077775
9.5,51.5093404218535,-0.161045933203441,1.31249773217596,0.118615886408474
10,51.5093460580388,-0.161045110466081,1.21330520544922,0.11117677122857
10.5,51.5093516698991,-0.161044735077302,1.27353829167608,0.0107871072651297
11,51.5093570834327,-0.161044513054108,1.15635222896612,0.0448577862402586
11.5,51.5093627673965,-0.161044403231669,1.34068067443137,-0.00547677454201201
12,51.509368362448,-0.161044425211759,1.17801706137111,-0.00135467534033572
12.5,51.509374159665,-0.161044405380488,1.36835668993934,0.00562945915390751
13,51.5093798214417,-0.161044469319671,1.18388464914014,-0.0190335116354658
13.5,51.5093855266469,-0.161044717969444,1.32944316134844,-0.045370493065122
14,51.5093909619778,-0.161044977609131,1.12546432112677,-0.0295287757018062
14.5,51.5093964878937,-0.161044988920107,1.30251593301803,0.0180001799962566
15,51.5094018311851,-0.16104511676926,1.10949668658756,-0.0427789964229313
15.5,51.5094073887199,-0.161045753575034,1.32565408737992,-0.120373074771335
16,51.5094129696756,-0.161046360588142,1.18320351725892,-0.0590246264140995
16.5,51.5094186066396,-0.161046579450856,1.30410576446961,-0.0103454194895712
17,51.5094240656744,-0.161046718372993,1.15216717253721,-0.0255508453778362
17.5,51.5094297018569,-0.16104704599489,1.32553556078044,-0.0594497091074898
18,51.5094354278109,-0.161047381408909,1.23813639804957,-0.0375598287264034
18.5,51.5094412908871,-0.161047589647484,1.35118636082891,-0.0228629199474616
19,51.5094468847284,-0.161047769461081,1.17020531194039,-0.0264410232265801
19.5,51.5094525658223,-0.161047683040989,1.32989794151281,0.0389082090731319
20,51.5094582025428,-0.161047401067508,1.20132754368628,0.0393241833304915
20.5,51.5094634825661,-0.161047357751436,1.15639555940851,-0.0173021569737941
21,51.5094691217079,-0.161047497182355,1.32369514221126,-0.020801195066673
21.5,51.5094747766947,-0.16104729318801,1.21257926720051,0.0627137489030951
22,51.5094801174526,-0.161047104683069,1.17149403858523,0.000597005606716772
22.5,51.5094854847055,-0.161047388886935,1.21027617522839,-0.0675042765728996
23,51.5094910087293,-0.161047437418157,1.24243193873474,0.0357971915731781
23.5,51.5094963997389,-0.161047216261118,1.16960634384983,0.0271461114285396
24,51.5095019009352,-0.161047343431409,1.26226567391032,-0.0490208369840533
24.5,51.5095074476394,-0.161047559617013,1.21461880229094,-0.0167160394502388
25,51.5095131319146,-0.161047455824592,1.30001194352666,0.0362014321205968
25.5,51.5095188834934,-0.161047394099579,1.265696319901,-0.0107708130296667
26,51.5095245683291,-0.161047446556717,1.26446966646381,-0.0048429368533255
26.5,51.509529999264,-0.161047768940215,1.16928289458605,-0.0727085516156554
27,51.5095356990448,-0.161048175940442,1.33761252701808,-0.045176383769948
27.5,51.5095414004621,-0.161047974430035,1.22040081983667,0.0791899777008594
28,51.5095471470965,-0.161047734752601,1.31955375226404,0.00114283969791244
28.5,51.5095528767187,-0.161047740202795,1.24371134324384,-0.00208650508652468
29,51.5095586212068,-0.161048036739172,1.3024244549822,-0.0685367985621217
29.5,51.5095642508552,-0.16104856816776,1.21788380820691,-0.0774678365699329
30,51.5095699067377,-0.161049004623917,1.2869860546658,-0.0487978767820202
30.5,51.5095758118752,-0.161049339458988,1.33290258273115,-0.0448792077228653
31,51.5095815401605,-0.161049298160325,1.23386141248574,0.041163981776744
31.5,51.5095871340725,-0.161049207945765,1.25235958100045,-0.00751967187184261
32,51.5095927469722,-0.161048985855117,1.24659354462705,0.0576881838773599
32.5,51.5095981572906,-0.16104882974768,1.17399737906199,-0.00353263151274146
33,51.5096024873652,-0.161049164951841,0.816180544949231,-0.0766519568174411
33.5,51.5096058969885,-0.161049463614605,0.71846443842498,-0.0168428425032096
34,51.509608143186,-0.161049491748916,0.346765498700322,0.00514889847413511
34.5,51.5096093113459,-0.161049213813426,0.199155155099473,0.0620023146719405
35,51.5096104050011,-0.161048490600449,0.274298812882887,0.127312463751868
35.5,51.5096113852549,-0.161047314982569,0.178800788838333,0.188385318604739
36,51.5096120549433,-0.161045893024265,0.128168896645849,0.20378285553783
36.5,51.5096124429475,-0.16104425956216,0.0570558188421253,0.242929947596401
37,51.5096126005938,-0.161042197786356,0.0196953114100556,0.316630224899248
37.5,51.5096124687784,-0.161040536257397,-0.063649801861133,0.170561956218637
38,51.5096120494165,-0.16103879823713,-0.11408116687661,0.290865484698912
38.5,51.5096114348108,-0.161037259538587,-0.152635951909498,0.159603221952972
39,51.5096107069538,-0.161036158640776,-0.168488290387467,0.148144154853325
39.5,51.5096097623816,-0.161035469822675,-0.239370530457956,0.0588942836326743
40,51.5096087879962,-0.161035267263167,-0.201030705783329,0.00658807984341566
40.5,51.5096074174866,-0.161035232947006,-0.377714294452949,0.00348865838797427
41,51.509605080986,-0.161035165863177,-0.619450399674509,0.0133930473383758
41.5,51.509601855123,-0.161035388291521,-0.786662768130743,-0.061879249183721
42,51.5095975112922,-0.161035937530021,-1.09251845941366,-0.08633205252091
42.5,51.5095922176809,-0.161035858840416,-1.23770206001394,0.0790070884199391
43,51.509586452317,-0.161035340779996,-1.31452786219035,0.0669830216507725
43.5,51.5095807948903,-0.161035323550841,-1.21991939879238,-0.0428211786877592
44,51.5095751353049,-0.161035413392218,-1.28696188821759,0.00876779382788304
44.5,51.5095695192578,-0.161035435209039,-1.22356250901629,-0.011287310718602
45,51.5095639501122,-0.161035357049977,-1.25020018200164,0.0263505461943218
45.5,51.5095584028994,-0.161035238902826,-1.22325705947908,0.0094432289506631
46,51.5095527196154,-0.161035450177164,-1.29359023520934,-0.0564815316295442
46.5,51.5095470139814,-0.161035502981656,-1.25281154043882,0.0270725792490148
47,51.5095414689025,-0.16103516529213,-1.22062191894549,0.0607607692077784
47.5,51.5095360594433,-0.161034777430566,-1.19185249486513,0.0490221509074195
48,51.5095304887249,-0.16103455407755,-1.27299210422492,0.0184069611648135
48.5,51.5095248078731,-0.161034702383941,-1.25785563725985,-0.0478925924902372
49,51.5095190385741,-0.161035101385488,-1.30190893167157,-0.0606595015311066
49.5,51.5095134989228,-0.161034907889323,-1.18420057444074,0.0881364269327922
50,51.5095078726281,-0.161034815333514,-1.29937185433787,-0.0398476944787418
50.5,51.5095023310489,-0.161034844776447,-1.1867057987903,0.0209433790819113
51,51.5094966145283,-0.161034232477965,-1.33174882698951,0.129872764277693
51.5,51.5094910737464,-0.161033919000418,-1.16374031842862,-0.016914513702947
52,51.5094857759475,-0.161034225796243,-1.18943078379903,-0.0605790486638949
52.5,51.5094803473869,-0.161034254522226,-1.22091192861982,0.0356245600126315
53,51.5094746457173,-0.161034150152689,-1.30218670122418,-0.000300738553278869
53.5,51.5094691492129,-0.16103461174508,-1.16768451911713,-0.108748487454209
54,51.5094634514766,-0.161035121118508,-1.33795796137462,-0.0441138043382765
54.5,51.509457859288,-0.161035400680516,-1.17884004365844,-0.0351110383275721
55,51.5094521806841,-0.161035223777515,-1.32291170155951,0.0663357420054396
55.5,51.5094465016484,-0.161034866527377,-1.22222488409833,0.0378940106204166
56,51.5094409097331,-0.161034594558632,-1.25974979690167,0.0376725256013448
56.5,51.5094351402347,-0.161034197334121,-1.30065840409993,0.0673942512526441
57,51.5094295254909,-0.161033934607911,-1.21348187508008,0.0148406684896243
57.5,51.5094237293701,-0.161033960171328,-1.34311664065729,-0.016422725170535
58,51.5094181106319,-0.16103351842353,-1.18527212817749,0.11577070708056
58.5,51.5094125864585,-0.161032696736244,-1.25999131949512,0.112920243558512
59,51.5094068850041,-0.161032432885362,-1.27474965790059,-0.0167620160296914
59.5,51.5094010030073,-0.161032185878575,-1.33271433343544,0.0700395147533503
60,51.5093954132633,-0.161032002764225,-1.1815858100364,-0.00580340060467317
60.5,51.5093897063689,-0.161032056687754,-1.33169136917902,-0.00866630467270933
61,51.5093839133871,-0.161031775585178,-1.25918259249948,0.072420873376634
61.5,51.5093784128832,-0.161031631518016,-1.19930030575528,-0.0166874525588954
62,51.5093727286768,-0.161031764531321,-1.31070880804435,-0.0197166748399541
62.5,51.5093670217372,-0.16103172339785,-1.24132234899401,0.0235112607884039
63,51.5093611943403,-0.161032110270029,-1.33545940261238,-0.107779377248122
63.5,51.5093555240771,-0.161032659011886,-1.21012299572172,-0.0540854168710867
64,51.5093498878454,-0.161032968046976,-1.28498505418338,-0.0350882123015206
64.5,51.5093444334591,-0.161033373301516,-1.16379322798403,-0.0710989524763663
65,51.5093387965579,-0.161033632180691,-1.31766918228094,-0.011339404461667
65.5,51.5093331793978,-0.161033634604232,-1.20248832472015,0.00736550392560672
66,51.5093275621979,-0.161033535784617,-1.28313000070764,0.0181706154959246
66.5,51.5093219900365,-0.161033425075941,-1.20964366282001,0.0134134653323961
67,51.5093163505112,-0.161033307148966,-1.28656646364606,0.0184473606266933
67.5,51.5093108284778,-0.161032976907181,-1.18827575480314,0.065040777186895
68,51.5093050825114,-0.161032793005153,-1.34178852671393,-0.00211826648426423
68.5,51.509299600585,-0.161032926962922,-1.13444862330474,-0.0301380971013311
69,51.5092938974759,-0.161032713640014,-1.36325544520149,0.0714517892010015
69.5,51.5092884192493,-0.161032552742544,-1.11802226398017,-0.0120362123430999
70,51.5092826674054,-0.161032664857267,-1.39318926690424,-0.0180394688952753
70.5,51.5092770060391,-0.161032570926166,-1.16634654389222,0.034800182296058
71,51.5092714609798,-0.1610322098904,-1.2811399137155,0.0608628280664461
71.5,51.5092658960429,-0.161032196242371,-1.20830383922589,-0.039382344489853
72,51.5092614284697,-0.161032266477765,-0.844178840685641,0.0109884825662981
72.5,51.5092581308343,-0.161031984832553,-0.656502787688214,0.0587907950705214
73,51.5092557528729,-0.161031785700452,-0.439982199034832,0.00585184765033804
73.5,51.509254388269,-0.161031438442432,-0.20821418818067,0.0778744382041397
74,51.5092533532408,-0.161030691358133,-0.245780084698349,0.121838170129944
74.5,51.5092526201549,-0.161029754219418,-0.105265331214648,0.135926167685561
75,51.5092520056076,-0.161028442762281,-0.158784929288658,0.214422953505278
75.5,51.5092515188938,-0.161026339065782,-0.0729644306086534,0.346484405960778
76,51.5092514147625,-0.161024629076628,0.0116843784811547,0.161106225763881
76.5,51.5092515634932,-0.16102274801261,0.0480826959427202,0.33125340931114
77,51.5092520273911,-0.161020854652641,0.14182520611121,0.215052852550868
77.5,51.5092526921766,-0.161019472523054,0.152197104070587,0.175716598883656
78,51.5092536812251,-0.161018315344782,0.267598850051371,0.150151902352077
78.5,51.5092548811831,-0.161017532718134,0.26660034639233,0.0796337593097735
79,51.5092559167954,-0.161017273163091,0.205130717224388,0.00552469000342622
79.5,51.5092573318853,-0.161017212664708,0.391708053130738,0.0104134423805469
80,51.5092595334669,-0.16101721479007,0.558617619601996,-0.00779110416461841
80.5,51.5092627682535,-0.161017337735539,0.832621251025043,-0.0235676682450665
81,51.5092671491721,-0.161017406417632,1.07437700381486,0.000284869976357679
81.5,51.5092724296096,-0.161017380101658,1.2454175621549,0.0060125104762042
82,51.5092781588787,-0.161017283964045,1.29547298789577,0.0184846461454507
82.5,51.5092837083797,-0.16101717201324,1.19243157195409,0.0134868717295377
83,51.5092894327018,-0.161017437367725,1.33069185943833,-0.0720780520448992
83.5,51.5092949993016,-0.161017808400986,1.17424648076661,-0.0371281957079474
84,51.5093005245267,-0.16101774010117,1.26810709885621,0.0421119860126361
84.5,51.5093063648169,-0.161017553031848,1.32158730627456,0.0146795294114503
85,51.5093122069192,-0.161017493897297,1.28483668018149,0.00368310346858266
85.5,51.5093180032361,-0.161017565438325,1.29324243221538,-0.0194655065576118
86,51.5093235524948,-0.161017698388349,1.19390134528655,-0.017757133269722
86.5,51.5093290543779,-0.161017507761496,1.24551889624749,0.0574276496051189
87,51.5093345952176,-0.161017583502086,1.22412307944801,-0.0580779933610194
87.5,51.5093402285115,-0.161017975206426,1.27407367217298,-0.0518075772130785
88,51.5093459108854,-0.161017901967328,1.25767425309873,0.0535534588081438
88.5,51.509351569809,-0.161017580795165,1.26028304508811,0.038325546931465
89,51.5093570729845,-0.161017511221121,1.19954061346802,-0.0104048713317019
89.5,51.5093628247599,-0.161017636106986,1.33610055475028,-0.0221959997930154
90,51.5093684405775,-0.161017525053456,1.18907854242487,0.0417514723283548
90.5,51.5093741902239,-0.16101724354876,1.34261863489722,0.0372233646477397
91,51.5093799160996,-0.161017326504175,1.22614859996256,-0.0456380410524249
91.5,51.5093854183529,-0.161017564647957,1.22308587763779,-0.0242673760073115
92,51.50939076323,-0.161017801864962,1.16569756590726,-0.0390080688131258
92.5,51.5093963552154,-0.161018031447644,1.29934540182801,-0.0268874901107489
93,51.5094019488496,-0.161018193696856,1.20641564635041,-0.0194777820737842
93.5,51.5094076997609,-0.161018346124403,1.33096116561556,-0.0223461633159245
94,51.5094134450184,-0.161018028782988,1.24164059571928,0.0905509293831892
94.5,51.509419144886,-0.161017621404882,1.28699495571231,0.0327761629173947
95,51.5094248288291,-0.161017450018433,1.2492229608271,0.0175125413695347
95.5,51.5094305777444,-0.161017571816837,1.3002409968415,-0.0410093482952185
96,51.5094361916239,-0.16101788196138,1.21344713057157,-0.0445032093050949
96.5,51.5094418756432,-0.161017946346682,1.30073525271436,0.0159540701379119
97,51.5094476445212,-0.161017608391226,1.27173389605852,0.0686066618944658
97.5,51.5094532767715,-0.161017148288084,1.24035141365986,0.0605828411228409
98,51.5094587786974,-0.161016846889915,1.21302004853032,0.0287371437308997
98.5,51.5094642368024,-0.161016602434691,1.21557549688493,0.037587725011825
99,51.5094700087919,-0.161016316009112,1.33252274491415,0.0412994238555095
99.5,51.5094756694194,-0.161016137248599,1.20853372853536,0.01328686307558
100,51.5094814425027,-0.16101628165325,1.33786573911826,-0.0433875504954179
100.5,51.5094867436811,-0.161016377896058,1.06882139284272,0.00765315417884264
101,51.5094926306346,-0.16101633724255,1.47873918670123,0.00423905821061286
101.5,51.5094981800817,-0.161016254701401,1.06412492023277,0.0165165065071321
102,51.50950354874,-0.161016039301858,1.28596622922417,0.0392835255519819
102.5,51.5095092737957,-0.161016143228224,1.26549516545014,-0.052030292016069
103,51.509514977128,-0.161016298597825,1.27160737606005,-0.000253793835335692
103.5,51.5095203433251,-0.161016454779271,1.1397974867611,-0.0366889740068892
104,51.5095259553027,-0.161016845586048,1.32503817755043,-0.0665676449920792
104.5,51.5095314559816,-0.161017198265358,1.15326764429573,-0.0366525782137698
105,51.5095370929102,-0.161017437592257,1.3250474945452,-0.0308362880145617
105.5,51.5095425963651,-0.161017620891726,1.15431124724201,-0.0216824164285895
106,51.5095481442169,-0.161017867668199,1.29062101633496,-0.0430738586422107
106.5,51.5095538500122,-0.161018084090857,1.25495102149934,-0.0209348289218063
107,51.5095594659092,-0.161018107872057,1.24591333209346,0.00904083289589322
107.5,51.509565146712,-0.161018236309239,1.27679221588315,-0.0366461496804393
108,51.5095704226994,-0.161018576348165,1.1020436698511,-0.0546137944921975
108.5,51.5095761423567,-0.161019078770227,1.39219886117358,-0.0803669249027254
109,51.5095818343468,-0.161019749046024,1.17862430281595,-0.101961539022926
109.5,51.5095876248705,-0.161020099617963,1.36539974930559,-0.0113793055646079
110,51.5095931524495,-0.161020134234722,1.13519033422172,-0.000205758986519681
110.5,51.5095985901763,-0.16102010884274,1.26234764115767,0.0061377984445367
111,51.5096032176306,-0.161020213116431,0.866828047221689,-0.0289102188431216
111.5,51.5096067142584,-0.161020572024277,0.715923196910159,-0.0644828822559431
112,51.5096090002482,-0.161020818145676,0.363596963266372,-0.0129588248603403
112.5,51.5096105761021,-0.161020593408271,0.341595479906878,0.0621203360195159
113,51.5096115295009,-0.161020003662463,0.121534441010479,0.0957249827740406
113.5,51.5096122806982,-0.161019056851912,0.199088463203504,0.156486689364272
114,51.5096128268804,-0.161017761269918,0.0672476321886993,0.196280823204916
114.5,51.5096133358472,-0.161015574330295,0.145458392756457,0.37882946292328
115,51.5096134947334,-0.161013703675224,-0.0417174523421018,0.176386598133429
115.5,51.5096133547842,-0.161011965600225,-0.0237377085359802,0.286801143039458
116,51.5096129838786,-0.161010433376186,-0.123689618388209,0.160919945373703
116.5,51.5096124595368,-0.161009279482241,-0.111765069191951,0.159732150442621
117,51.5096114780596,-0.161008051271399,-0.293037215909235,0.178106081115139
117.5,51.5096105759771,-0.161007427053035,-0.136113302714194,0.0226721946498841
118,51.5096093231249,-0.161007132326636,-0.378649073370013,0.0536994935903556
118.5,51.5096079075673,-0.16100712403372,-0.27042217042162,-0.0356321063168223
119,51.5096057515348,-0.161007027624329,-0.626287507242366,0.0476998682482762
119.5,51.5096022967833,-0.161006718237565,-0.868460604997273,0.0396407056292769
120,51.509597427097,-0.161006359942931,-1.23418037871972,0.0568268103184224
120.5,51.5095920575249,-0.161006233289559,-1.16727310671597,-0.00988228598077395
121,51.5095863277782,-0.161006169380294,-1.35035488904132,0.0220033600845917
121.5,51.5095806433852,-0.161006214592998,-1.20504127893115,-0.0260747964827351
122,51.5095751387439,-0.161006256800165,-1.23876437182828,0.00828936789795766
122.5,51.5095696112713,-0.161006254257328,-1.22379486538805,-0.0052023215573926
123,51.509563929008,-0.1610064848982,-1.29282764868835,-0.0508010999281829
123.5,51.5095581793316,-0.16100665332338,-1.27000566961852,-0.00419596039930412
124,51.5095525887737,-0.161006878498301,-1.22578983542885,-0.0502153295715909
124.5,51.5095469536191,-0.161007205858873,-1.27361089539279,-0.0421226860907504
125,51.5095412472998,-0.161007382810355,-1.26705629498791,-0.0122834971419397
125.5,51.5095355668357,-0.161007720141856,-1.26186406177086,-0.0710286252565339
126,51.509529818621,-0.161007885400329,-1.29112726584279,0.0107107838133639
126.5,51.5095241971945,-0.161007302053195,-1.22268161220344,0.130201528625894
127,51.5095185320677,-0.161006640072719,-1.2871245292766,0.0651194251941737
127.5,51.5095129922252,-0.161006143224645,-1.19462198526276,0.071697407450814
128,51.5095073618048,-0.161005871862319,-1.29363753078083,0.013866908984049
128.5,51.5095016795723,-0.161005785307861,-1.24392613060196,0.0107243515492029
129,51.5094959075365,-0.161005510380023,-1.3126948387242,0.0573897039142644
129.5,51.5094902927303,-0.161005593854441,-1.20507998463114,-0.0598769419055675
130,51.509484677911,-0.161005860863964,-1.28041535043373,-0.0211137866967106
130.5,51.5094790834524,-0.161005974149975,-1.21997855840402,-0.0119615359820708
131,51.5094733536308,-0.161006018806139,-1.31348935775289,-0.00216802297094879
131.5,51.5094678973889,-0.161006275511662,-1.14454218956468,-0.0590777913088927
132,51.5094622184792,-0.161006687789166,-1.34703588136735,-0.0559637733978411
132.5,51.5094565361679,-0.16100695807144,-1.20657706976156,-0.0246255775671195
133,51.5094506722641,-0.161007091442018,-1.37359096427727,-0.0142442681127865
133.5,51.509445122277,-0.161007153665611,-1.13793293058211,-0.0047169154380502
134,51.5094395051844,-0.161007120606232,-1.32827822961706,0.0111055208549813
134.5,51.5094339844216,-0.161006746123573,-1.15859691626236,0.0806229329529688
135,51.5094283959895,-0.161006444218262,-1.30297173652406,0.0148288379594788
135.5,51.5094228023719,-0.161006595077394,-1.20387091824621,-0.0459905603267271
136,51.509417231248,-0.161006760235028,-1.26473261235337,-0.00679215467670647
136.5,51.5094118172929,-0.161006645635572,-1.16267567537923,0.0318057738488222
137,51.5094061115513,-0.16100656753213,-1.34449237962816,-0.0038276783917863
137.5,51.5094003385825,-0.161006480353395,-1.24265136214087,0.0232579689806978
138,51.5093947001599,-0.161006304052008,-1.26304399800638,0.025335477869093
138.5,51.5093890155126,-0.161006216175399,-1.26625501892513,0.00300849839283689
139,51.5093833535933,-0.161006223148073,-1.255409729152,-0.00375185343005693
139.5,51.5093777828606,-0.16100613986677,-1.22850744901822,0.0222849100096742
140,51.5093720546646,-0.161005949999109,-1.30690417942566,0.0292189693450396
140.5,51.5093665513734,-0.161006075156514,-1.16694957126657,-0.0499967831204199
141,51.5093609387385,-0.161006028493027,-1.30628025016389,0.0460127024539187
141.5,51.5093552350377,-0.161005720392418,-1.24319720009683,0.0405185190048868
142,51.5093498023512,-0.161005379283888,-1.18483610614782,0.0521560045572162
142.5,51.509344504419,-0.161005042148339,-1.17471410712084,0.043071948303569
143,51.5093388209104,-0.161005048598147,-1.32765520080226,-0.0316728470361193
143.5,51.5093334123612,-0.161005438696401,-1.11658487754048,-0.069912075478565
144,51.5093279809728,-0.161005797716577,-1.27297368283966,-0.03580861522585
144.5,51.5093222539054,-0.161005679251784,-1.27535088164041,0.0530297659585302
145,51.5093167087517,-0.161005302830326,-1.20487259312519,0.0517338436759955
145.5,51.5093110040805,-0.161005068870138,-1.3145495829431,0.0190128641706121
146,51.5093053662094,-0.161005204782197,-1.21250658623638,-0.0453911971219111
146.5,51.5092998413007,-0.161005476217195,-1.24120532474648,-0.032298701457907
147,51.5092943594341,-0.161005618181227,-1.20483425538982,-0.0109016841684488
147.5,51.5092886077448,-0.161005750432607,-1.33236242695056,-0.023586917121675
148,51.5092830583697,-0.161005893694918,-1.16656137036929,-0.0173064017166796
148.5,51.5092773741879,-0.161005862518479,-1.33361671678187,0.019473718666594
149,51.5092718245979,-0.161005788378096,-1.16576466024005,0.00386932938541127
149.5,51.5092664319504,-0.161005850375969,-1.22389291993614,-0.0173432096205892
150,51.5092618482207,-0.161005874006548,-0.877206119453713,0.00656221700278899
150.5,51.5092585678128,-0.161005818210474,-0.626866910358416,0.00857718668576581
151,51.5092563662967,-0.161005741254274,-0.393981647717986,0.0121615848970959
151.5,51.5092549287752,-0.161005419179859,-0.267997822342948,0.0675129969263962
152,51.5092538290978,-0.161004725930413,-0.228386995233147,0.116383386139217
152.5,51.509252931544,-0.161003722461466,-0.179655344756604,0.155401857675027
153,51.5092522193042,-0.161002442120074,-0.143667009605922,0.193445054570029
153.5,51.5092518776986,-0.161001249561585,-0.0286554945472875,0.146093543233251
154,51.5092517474172,-0.160999620193377,-0.029223920641073,0.282349140988484
154.5,51.5092519041556,-0.160997928697159,0.0797476622084107,0.201635623868021
155,51.509252339313,-0.16099623932347,0.108787765953432,0.2576340559539
155.5,51.5092528638244,-0.160995137357149,0.122260488760016,0.0797768301681171
156,51.5092537583089,-0.160994000398821,0.252782841800778,0.212536794288844
156.5,51.5092547854698,-0.160993231985013,0.211605975567359,0.03260937510542
157,51.5092557533097,-0.16099303256614,0.217989832973145,0.0242465344366826
157.5,51.5092571234183,-0.160993044327127,0.365691187592967,-0.0197487711858874
158,51.5092593250528,-0.160992974675994,0.576849459845932,0.030265383534351
158.5,51.5092628510737,-0.160993046745887,0.930026913673124,-0.0381979623623761
159,51.509267253248,-0.160993174704718,1.01423362080554,-0.00346627533676733
159.5,51.5092726228044,-0.160993047302737,1.32122981779502,0.0324997931194647
160,51.5092782615727,-0.16099285990388,1.20816980298289,0.0214858787288186
160.5,51.5092840549043,-0.160993007176657,1.34577994255549,-0.0498040335420418
161,51.5092897363274,-0.160993264373546,1.20712013399231,-0.0258488077346196
161.5,51.5092952186041,-0.160993368156224,1.22884904396705,-0.00640385608660249
162,51.5093006978668,-0.160993232005424,1.2124986565032,0.0366212496994654
162.5,51.5093061323118,-0.160992963609948,1.20699026918778,0.0377201735013226
163,51.5093117046213,-0.160992888904704,1.26299750814905,-0.00876986828549478
163.5,51.5093175015132,-0.160992799982089,1.30874735370193,0.0271291837463673
164,51.5093232309909,-0.160992740047128,1.25122105241221,-0.00484272014881562
164.5,51.509328795157,-0.160992409045223,1.22895549338193,0.0815232300944351
165,51.5093343775591,-0.160991814800755,1.25143966851183,0.0832057146723431
165.5,51.5093401440851,-0.160991318838896,1.30535104447231,0.0588282564810307
166,51.5093456902301,-0.160991034756628,1.18424747976145,0.0258780950456114
166.5,51.5093513972792,-0.160990930592114,1.32988670464115,0.00647345767016771
167,51.5093571491819,-0.160990942961839,1.24490643703477,-0.00745130433609604
167.5,51.5093629216417,-0.160990831052878,1.31216896101124,0.0316321138139352
168,51.5093687129259,-0.160990412893734,1.2722060854464,0.0765643125136341
168.5,51.509374370844,-0.160990073660299,1.24973040573615,0.026481288018774
169,51.5093800099619,-0.160990018323656,1.25835169791736,-0.00547464705943702
169.5,51.5093855592673,-0.160989967726066,1.21834254107911,0.0157758491234125
170,51.5093911958151,-0.160990069268417,1.2793509569471,-0.035012233689533
170.5,51.5093966972154,-0.160990388255748,1.18552156025884,-0.0507885985763255
171,51.5094024259738,-0.160990531485134,1.33720702470683,0.00174263578365551
171.5,51.5094078412663,-0.160990547043027,1.11244948699419,-0.00489229473078122
172,51.5094133463114,-0.160990503426417,1.30373135039446,0.0137203311262455
172.5,51.5094187829256,-0.160990339589198,1.14394799856656,0.0290696291421666
173,51.5094243769404,-0.160990211680531,1.31533780951456,0.00984416323058064
173.5,51.5094299895859,-0.160989941157183,1.20241253633522,0.0569662473162944
174,51.5094354674582,-0.160989650316914,1.23047831925668,0.0287765988909328
174.5,51.5094411073834,-0.160989605502391,1.27213353129274,-0.00956513269877048
175,51.5094468369445,-0.160989661475831,1.27688232364437,-0.00651695867762375
175.5,51.5094524541604,-0.160989715846722,1.23106027529428,-0.008272396737896
176,51.5094581839741,-0.160989672146884,1.30572917150061,0.0161060382531375
176.5,51.5094635992134,-0.160989653036585,1.13446387578172,-0.00676323495772489
177,51.5094693275385,-0.160989512254971,1.37278356080697,0.0379658008436107
177.5,51.5094750333433,-0.16098933091372,1.19744077703174,0.0162295835043794
178,51.5094809587831,-0.160989616369305,1.4032641653354,-0.0787425561114879
178.5,51.5094867006823,-0.160990168420351,1.1897581604721,-0.0751919541178064
179,51.5094923135329,-0.160990510177314,1.29039590216096,-0.0280374114562636
179.5,51.5094979977355,-0.160990610705632,1.24694047459332,-0.00410353272854729
180,51.5095037047629,-0.160990531212047,1.2859934509155,0.0216369400968824
180.5,51.5095091870524,-0.160990431262098,1.17364261987681,0.0084473329292135
181,51.5095148713088,-0.160990306507168,1.32868815561696,0.0235352711938308
181.5,51.5095205776915,-0.16099013344208,1.228526224897,0.0243773233091309
182,51.5095264419852,-0.160990067314833,1.35837402644366,-0.00145479200267131
182.5,51.5095320367544,-0.160990014372298,1.16552499566185,0.0135154363470758
183,51.5095378331487,-0.160990042414826,1.37678999580619,-0.0160802414071117
183.5,51.509543646297,-0.160990437353209,1.23524213832635,-0.0819689873473223
184,51.5095492801667,-0.160990794814539,1.26650825263493,-0.0270004011336157
184.5,51.509554897309,-0.160990826175833,1.23829433709323,0.0114974532380463
185,51.5095604467333,-0.160990697335223,1.23242772880768,0.0223645815616161
185.5,51.5095660389235,-0.160990782722813,1.25271180819814,-0.0358109274220034
186,51.5095716078752,-0.160991103520391,1.22972235516724,-0.0506565327678604
186.5,51.5095770878243,-0.160991382702956,1.2121470854527,-0.0304413886033939
187,51.5095827915166,-0.160991711095382,1.30908724406138,-0.0562079531157133
187.5,51.5095882715445,-0.160991970578759,1.1566214562931,-0.021905391915874
188,51.5095938883347,-0.160991998313456,1.3150819073092,0.00878700988983484
188.5,51.5095991434907,-0.16099175501348,1.06736076090097,0.0512799524435333
189,51.5096037005474,-0.160991434662674,0.976688881599232,0.0397227016893533
189.5,51.5096071994816,-0.160991106581207,0.63989307349549,0.0496375907615004
190,51.5096094635699,-0.160990856631514,0.40853319290838,0.0242541954532699
190.5,51.5096109647386,-0.160990466674456,0.281888200569158,0.0750712427732771
191,51.5096118402248,-0.160989855537241,0.133856780020022,0.0917087784595353
191.5,51.5096127330903,-0.160988773138084,0.244053039331056,0.191303655185226
192,51.5096133936611,-0.160987359776913,0.0790432947223168,0.199710661037902
192.5,51.5096137983461,-0.160985574578533,0.0977537440058797,0.281597746358972
193,51.5096138913239,-0.16098398110089,-0.0332559934380534,0.179021199146589
193.5,51.5096137086132,-0.160982103128262,-0.0458365459588232,0.317979686476762
194,51.509613375247,-0.160980659624884,-0.0940200225190942,0.118152492571824
194.5,51.5096127364341,-0.160979154745101,-0.175835842904194,0.272519404140329
195,51.5096120049824,-0.160978166048279,-0.153608164223583,0.0426178298800455
195.5,51.5096110374924,-0.160977429850169,-0.258455960963578,0.143946735328786
196,51.5096099447446,-0.16097707971245,-0.232444969640355,-0.0181128694732963
196.5,51.5096083069797,-0.160976939474501,-0.456821526160443,0.0457821121053674
197,51.5096057022127,-0.160976938898062,-0.665555043371074,-0.0319114103645652
197.5,51.5096021993758,-0.160977151233984,-0.85916307010326,-0.0277838165461458
198,51.5095976626406,-0.160977370475887,-1.11474007538757,-0.0323032910571773
198.5,51.5095922270243,-0.160977317174638,-1.27586449653445,0.0351940434920856
199,51.5095867074091,-0.160977471300272,-1.19485246662483,-0.0610171329228322
199.5,51.5095808294505,-0.160977606798934,-1.38711483122037,0.010727576741592
200,51.5095752368937,-0.160977495007897,-1.14456955546687,0.0188789384583937
200.5,51.5095696648684,-0.160977498939352,-1.30658460879193,-0.0141432760336471
201,51.5095639828095,-0.16097724028176,-1.23479749803133,0.0709563586623937
201.5,51.5095583245432,-0.160977198526371,-1.27604820724638,-0.0398130997542814
202,51.509552708807,-0.16097740494537,-1.23108446125598,-0.0208559997561634
202.5,51.5095469342111,-0.160977444081462,-1.32265245926265,0.00536113096072257
203,51.5095413167161,-0.160977446021113,-1.19912683720763,-0.00421064627195519
203.5,51.5095358565545,-0.160977493756964,-1.22607870007945,-0.00832059107174595
204,51.5095301963898,-0.160977705285179,-1.28286950366125,-0.0441068099618906
204.5,51.5095246936808,-0.16097781684567,-1.18355368054751,0.00454091606842461
205,51.5095190317945,-0.160977815977283,-1.31328823672834,-0.00297365859940288
205.5,51.5095134151645,-0.160977786211311,-1.20535453768099,0.00910781970966011
206,51.5095077533143,-0.160977682253393,-1.2980139976718,0.0181637991784481
206.5,51.5095022265571,-0.160977786460416,-1.18204947261944,-0.0373127365718886
207,51.509496593102,-0.160978187167996,-1.30358625857846,-0.0684681564071383
207.5,51.5094908692187,-0.160978413624293,-1.2527176483199,-0.00552733319004886
208,51.509485365966,-0.160978505978396,-1.20486560111333,-0.0179310691582487
208.5,51.5094797055453,-0.160978734380047,-1.29781551655273,-0.0413625083115147
209,51.5094742709571,-0.160979001846372,-1.14732270521858,-0.0341817331435017
209.5,51.5094685929865,-0.160979451958254,-1.3447343090898,-0.0823218151508237
210,51.5094630251888,-0.16097980139975,-1.16486998726288,-0.0248604968256637
210.5,51.5094570497258,-0.160979823530367,-1.44498647709172,0.0121784085548244
211,51.5094515516852,-0.160980036539675,-1.06830579604274,-0.0588058081784679
211.5,51.5094458082895,-0.160980177915664,-1.42479510553976,0.00779220950155624
212,51.5094400358043,-0.160980058338363,-1.18625653806371,0.0227717244382506
212.5,51.5094344416306,-0.160980015602228,-1.28578192172083,-0.00585232351272288
213,51.5094286682476,-0.160979808492739,-1.28390538076352,0.0529849187552621
213.5,51.5094231012422,-0.160979970806917,-1.20715053531209,-0.075403785882738
214,51.5094172872832,-0.160980142450791,-1.35429641662872,0.0122660228522072
214.5,51.5094115808911,-0.160980108700308,-1.21060394737194,-0.00061939575178678
215,51.5094058526703,-0.160980318115019,-1.31944600581935,-0.0489988885024314
215.5,51.509400238757,-0.160980274071798,-1.20001637827834,0.0446956514449164
216,51.5093945341901,-0.160980175708828,-1.31790954331953,-0.00806831347429636
216.5,51.5093888957692,-0.160980386530462,-1.21036259885407,-0.0441167695920327
217,51.5093834393936,-0.160980308628712,-1.21678149442703,0.0492705014682123
217.5,51.5093777620298,-0.160979841171552,-1.29588356799531,0.0758542545438879
218,51.5093722844529,-0.160979493567282,-1.16493678252324,0.0289542743792028
218.5,51.5093664223883,-0.160979560998357,-1.40204337913889,-0.0361851508070237
219,51.509360807719,-0.160979603617822,-1.1424842111323,0.0152692459921774
219.5,51.5093552143491,-0.160979582615243,-1.3161184590409,-0.00573079547376098
220,51.5093496653786,-0.160979763528163,-1.17777914123257,-0.0386930970012268
220.5,51.5093439590154,-0.16097993935725,-1.33415504762625,-0.0144194476596592
221,51.5093384319552,-0.16098000170427,-1.1568652709516,-0.00462345910353153
221.5,51.5093329072277,-0.160980177921923,-1.28008571344328,-0.038359925750214
222,51.5093270513389,-0.160980098031334,-1.31910295900157,0.0457102010091661
222.5,51.5093213719916,-0.160979827707698,-1.22500882495797,0.0318130305741369
223,51.509315732002,-0.160979835300562,-1.27598651403918,-0.0240614249537238
223.5,51.5093100705569,-0.160979705479089,-1.24841830122024,0.0474874968903376
224,51.5093044316311,-0.160979554837698,-1.25919746022656,0.00231781993070697
224.5,51.5092989489703,-0.160979531606406,-1.19254020905624,0.00386129918337868
225,51.5092932660776,-0.160979363308247,-1.31494386483745,0.0370240679133586
225.5,51.509287676634,-0.160979420306835,-1.19391147725457,-0.0393714327210508
226,51.5092819729435,-0.160979680489896,-1.32185137766175,-0.0338565282355704
226.5,51.5092763592273,-0.16097994133357,-1.19825801239434,-0.0378729072296021
227,51.5092705668899,-0.160980308270155,-1.35234211235137,-0.0601048182485943
227.5,51.5092651753411,-0.160980489245735,-1.09287314961178,-0.000646150757268697
228,51.5092605467435,-0.160980551498381,-0.985892531670707,-0.0142425150072347
228.5,51.5092571544372,-0.160980634379869,-0.593115314623123,-0.00959452722356528
229,51.5092549308713,-0.160980740060178,-0.425948766948889,-0.0182298125002789
229.5,51.5092535234671,-0.160980444475404,-0.234228064797667,0.082534061228249
230,51.5092524597878,-0.160979702172854,-0.238408472756692,0.117447698962185
230.5,51.5092515436893,-0.160978565164389,-0.17965539064746,0.18617903408579
231,51.5092507578443,-0.160976962138928,-0.171510289968027,0.248071063712866
231.5,51.5092501666882,-0.160974880106386,-0.103565069138927,0.317816936260486
232,51.509250001704,-0.160973050968843,0.0100854250643438,0.209298610419715
232.5,51.5092501492283,-0.160971168204797,0.0487456206014636,0.297920047572221
233,51.5092506593643,-0.160969198674398,0.158852054289526,0.256366355036364
233.5,51.50925142412,-0.160967660434814,0.178094993091261,0.183647137482541
234,51.5092522772103,-0.160966559591517,0.198040135929112,0.131302584943634
234.5,51.5092533677024,-0.160965753462502,0.273882726220105,0.0983760537422797
235,51.5092546434208,-0.160965499945742,0.290860292015071,-0.00902025931916883
235.5,51.5092561480524,-0.160965522410718,0.365569137120554,0.00101129324229555
236,51.509258415413,-0.160965377114749,0.601797722221465,0.0335894043629569
236.5,51.5092615809684,-0.160965193041033,0.776206440151484,0.0199382631760091
237,51.5092660297757,-0.160965137008895,1.13954824896899,-0.000730324575106309
237.5,51.5092713315904,-0.160965262739659,1.20788424281478,-0.029167681021856
238,51.5092768803557,-0.160965442167934,1.25346541028035,-0.021936892615274
238.5,51.5092825651324,-0.160965494950528,1.27300895158363,0.00289642881531867
239,51.5092882492765,-0.160965389233193,1.25908913184831,0.0229272030572311
239.5,51.5092940213251,-0.160965449762356,1.30208551953526,-0.0303370215340897
240,51.5092996324062,-0.160965871771746,1.21109728962096,-0.0783798813320163
240.5,51.5093052625782,-0.160966405009217,1.28201080686223,-0.0710053787149054
241,51.509310942211,-0.160966690375423,1.25108129704694,-0.0176572355805191
241.5,51.5093166001384,-0.160966440254187,1.26452130574255,0.0714014451981252
242,51.5093221230028,-0.160966118433453,1.20402168893742,0.0259851011069039
242.5,51.5093276722393,-0.160966134728153,1.25634746232843,-0.0220359508951052
243,51.5093331993508,-0.160966234991994,1.2113499992457,-0.00824221073133388
243.5,51.50933883918,-0.160966199215502,1.28548703115177,0.014214621879754
244,51.5093442542956,-0.160966131128057,1.14858653607978,0.00612186785520082
244.5,51.50935005079,-0.160966216039256,1.38868467126414,-0.0243286705459775
245,51.5093555772391,-0.160966400186179,1.11846337060302,-0.0264379677473059
245.5,51.5093611240822,-0.160966282338929,1.31533291659922,0.0463245171664532
246,51.5093666911643,-0.160966277749998,1.18518025311647,-0.0313439411533687
246.5,51.5093722603026,-0.160966578742954,1.27706493353633,-0.0491088577797587
247,51.509377831995,-0.160966638609195,1.21371182396733,0.0202447304230174
247.5,51.5093836043106,-0.160966779570774,1.33395063149334,-0.0474453909766534
248,51.5093892420043,-0.160966957793478,1.19885878226103,-0.00885781564149676
248.5,51.5093947899119,-0.160967130881378,1.25945884728486,-0.0346570395819478
249,51.5094003126884,-0.160967502664827,1.20753220786823,-0.0634997846457615
249.5,51.5094059947566,-0.16096774703507,1.30413764047053,-0.0132338901209041
250,51.5094114996975,-0.160967830591183,1.16951019902214,-0.0104597441246557
250.5,51.5094168901985,-0.160968045910032,1.22045915354042,-0.0435043077121608
251,51.5094226401078,-0.160968267646899,1.3207516939418,-0.0218880831240505
251.5,51.5094283688119,-0.160968429676262,1.24252540845754,-0.0229254494042236
252,51.5094341377353,-0.160968824648012,1.31249794648661,-0.0771854416028353
252.5,51.5094397919177,-0.16096931459229,1.22011302240127,-0.061621739660892
253,51.5094454731508,-0.160969583364581,1.29501518550613,-0.0203085844909943
253.5,51.509451292771,-0.160969598544513,1.29493267122502,0.0106327807957626
254,51.5094570217042,-0.16096968994941,1.26068543629231,-0.0290191021736121
254.5,51.5094626143449,-0.160969654779964,1.23310179472348,0.0286151295856298
255,51.5094682904369,-0.160969177723384,1.28397830719567,0.0925787415438316
255.5,51.5094738519185,-0.160968619896479,1.20500992590606,0.0668700539257426
256,51.5094797123261,-0.160968324781311,1.37336543743538,0.0228529584331079
256.5,51.5094854861001,-0.160968398061377,1.22274484762365,-0.0332948433655187
257,51.5094911240341,-0.160968642691959,1.27679375237614,-0.0344386946432358
257.5,51.5094968282376,-0.160968601932322,1.26402791083715,0.0337284033439026
258,51.5095023977708,-0.160968309078242,1.22202102944026,0.0455183494143293
258.5,51.5095080787919,-0.160968385170209,1.29359938693958,-0.049824357961161
259,51.5095136465527,-0.160968412134302,1.20065050944465,0.028512175682156
259.5,51.5095192547107,-0.160967914508309,1.28099615569191,0.0975060936181514
260,51.5095249093167,-0.160967674624646,1.24232455557155,-0.0116297333832127
260.5,51.5095306348576,-0.160967525468549,1.29622785019642,0.0433491015920444
261,51.5095360680515,-0.160967184957709,1.14790670282206,0.0500331835432506
261.5,51.5095418064184,-0.160966625346122,1.36717220143501,0.0970730226574166
262,51.5095473643197,-0.160966027401104,1.14541987652303,0.0731937199463353
262.5,51.5095531356133,-0.160965987760211,1.38136849001177,-0.0418783782113201
263,51.5095587037344,-0.160965910227644,1.13934844214042,0.0476164116114434
263.5,51.5095645638897,-0.160965820119663,1.41923306458906,-0.0120615201825572
264,51.5095701977606,-0.160965681004998,1.13771502443142,0.0412810445724715
264.5,51.5095758774562,-0.160965352181519,1.35211224809199,0.0487219553488739
265,51.5095814498147,-0.160965281781773,1.16143072773143,-0.0174875311609671
265.5,51.5095871333469,-0.160965124990581,1.3369625765751,0.049251778001472
266,51.5095925695376,-0.160965046394771,1.12052601800697,-0.0159237334023619
266.5,51.5095978706779,-0.160964956686412,1.22094480562931,0.0323222353347958
267,51.5096022946233,-0.160964958519425,0.818826747649285,-0.023058246590896
267.5,51.5096057736078,-0.160964897449816,0.742850028466672,0.0305562265345781
268,51.5096078814289,-0.160964681050832,0.27735061029499,0.0296915229126403
268.5,51.509609466121,-0.160964232954159,0.40531120811203,0.0849889455898981
269,51.5096106843586,-0.160963429365611,0.177116521452165,0.130194436815736
269.5,51.5096115906258,-0.160962336081199,0.218840781486029,0.166933160180979
270,51.5096121523865,-0.160961138799057,0.0593140455079626,0.165764665084114
270.5,51.5096125494319,-0.160959657475829,0.108674359040187,0.233630371213365
271,51.5096127165992,-0.160958074796983,-0.0128360940929939,0.210049320374266
271.5,51.5096125706575,-0.160956167124449,-0.0462214824741448,0.303270661233091
272,51.5096120960939,-0.160954313887934,-0.147162684403688,0.225166131235896
272.5,51.5096114938342,-0.160952983139038,-0.124808660986207,0.156506353344218
273,51.5096106512029,-0.160951941355334,-0.231384121113069,0.136358105974461
273.5,51.5096096791093,-0.160951304560932,-0.205754280192,0.0548643480950568
274,51.5096087319864,-0.160951089878918,-0.214249213780053,0.0122705470022031
274.5,51.509607249021,-0.160951106784312,-0.411001085787919,-0.0125798936081856
275,51.5096051818649,-0.160951121838636,-0.494262110446739,0.00525235909202013
275.5,51.5096016766297,-0.160951081273043,-0.979975388374677,0.0058988397351034
276,51.5095973425033,-0.160951211960241,-0.953528640305573,-0.0349778485212566
276.5,51.5095920426812,-0.160951382575043,-1.33734431798314,-0.015789066192609
277,51.5095864259603,-0.160951244633693,-1.18854970644925,0.0436133544426575
277.5,51.5095805170831,-0.160951144029423,-1.40322266088139,-0.0067817418102116
278,51.509574787374,-0.160951202246058,-1.18517598918754,-0.00899480088785566
278.5,51.5095689232348,-0.160951177755751,-1.38866080769271,0.0120772914248902
279,51.5095631326444,-0.160950795305134,-1.2183994181138,0.0818232781348031
279.5,51.5095574364175,-0.160950223696391,-1.30188659931121,0.0776518374451323
280,51.5095517115145,-0.160949953815853,-1.25429315459556,0.00934897006118089
280.5,51.5095460076872,-0.160950184067561,-1.27963605065883,-0.0608951632399964
281,51.5095403937841,-0.160950371826006,-1.22787956278089,-0.00169374653862386
281.5,51.5095347571662,-0.160950551911134,-1.27270160931592,-0.0413234577785274
282,51.509529220102,-0.160951140585045,-1.20366705702927,-0.110030027318847
282.5,51.5095236351058,-0.16095156644329,-1.27012296656724,-0.0235028108198959
283,51.5095180403634,-0.160951663233075,-1.22729058930654,-0.00639526182713932
283.5,51.5095123341045,-0.160951591143256,-1.29945764484352,0.0214934875865442
284,51.5095069884046,-0.16095134620553,-1.11254862796699,0.0427721249928403
284.5,51.5095014674861,-0.160950932513629,-1.30966656334737,0.0677115245357226
285,51.5094957223567,-0.160950491122471,-1.25649838678934,0.0567923704455639
285.5,51.5094899332021,-0.160950025145481,-1.31036994812653,0.0702392807471526
286,51.5094841686613,-0.16094947812047,-1.26334895512935,0.0799578575724256
286.5,51.5094783077923,-0.160949218271612,-1.33270267271441,0.00536687820653449
287,51.509472517693,-0.160948871647395,-1.25738430098599,0.0780639160346131
287.5,51.5094668416083,-0.16094838795109,-1.26697774349972,0.0595319036525596
288,51.5094612483492,-0.160948216087859,-1.22893113205348,-0.00110396507258598
288.5,51.5094555542057,-0.160947764376226,-1.29372627011663,0.107399456272576
289,51.5094498868359,-0.160947073316118,-1.23824172042212,0.0879453680407045
289.5,51.5094441083771,-0.160946353705166,-1.31910357730732,0.108302688711362
290,51.5094385738765,-0.160946073507333,-1.17021591133008,-0.00967106637295587
290.5,51.5094329360117,-0.16094617675466,-1.31353781343729,-0.0176018312175055
291,51.5094270718055,-0.160946053639085,-1.298832816644,0.0413827722273682
291.5,51.5094213202774,-0.160946090467115,-1.26650248855797,-0.0376612157944788
292,51.5094156588938,-0.160946098378453,-1.25503389280016,0.0244953755428556
292.5,51.509409818078,-0.160945893681027,-1.33093746206117,0.0311721807273781
293,51.5094039995309,-0.16094570848127,-1.26938111870511,0.0218959867731321
293.5,51.5093985396775,-0.160945680675441,-1.17678411475566,-0.0087636074176817
294,51.5093928774018,-0.160945757576524,-1.31817419616117,-0.012018025923803
294.5,51.509387081828,-0.160945952547247,-1.26962508902984,-0.0376103544729244
295,51.509381558488,-0.16094629898013,-1.20062901416325,-0.0554484812998656
295.5,51.5093759103759,-0.160946911163643,-1.29612495195091,-0.105692435918794
296,51.5093703715606,-0.160947297323551,-1.18793308376753,-0.0171686391070138
296.5,51.5093649438156,-0.16094765658211,-1.22165177842464,-0.072785222611484
297,51.5093592025545,-0.160947965807961,-1.31664538797163,-0.0220433628018524
297.5,51.5093535415052,-0.160947997742966,-1.21980739043826,0.00789206863196005
298,51.5093478802529,-0.160948179425932,-1.2876707514605,-0.0484108733399804
298.5,51.5093422643095,-0.160948381227057,-1.22302697928899,-0.0137477293015593
299,51.509336671437,-0.160948404622105,-1.25955040466398,0.00410098726578074
299.5,51.5093311006295,-0.160948178228174,-1.2256372102832,0.0505698169241065
300,51.5093254840664,-0.160948095158032,-1.26668488673595,-0.0157900813875023
300.5,51.5093197844436,-0.160948463321816,-1.26937126911342,-0.0758523846391375
301,51.5093139556853,-0.160949096583599,-1.31634014054225,-0.0963854476003687
301.5,51.5093084577319,-0.16094953635825,-1.15832522514551,-0.0363394730039324
302,51.5093027752547,-0.160949630662859,-1.33873720666603,0.00317692240761972
302.5,51.5092970920741,-0.160949692183117,-1.21271489870063,-0.0167457734677521
303,51.5092914766944,-0.160949940051825,-1.27528282192494,-0.0467876592768865
303.5,51.5092859274175,-0.160950026892802,-1.20647995214863,0.0122524439836396
304,51.5092802877951,-0.160950076945841,-1.28881780886002,-0.0203917924821156
304.5,51.5092746931011,-0.160950129787288,-1.21418580094957,0.00180096413731214
305,51.5092693018624,-0.160950259946194,-1.18946523880354,-0.0319848530130207
305.5,51.5092639107505,-0.160950453120981,-1.2067216513506,-0.0232097667197484
306,51.509259462036,-0.160950544405076,-0.838152500180085,-0.00530089650578453
306.5,51.5092563613611,-0.160950597343271,-0.586215143092542,-0.00878550540836395
307,51.5092542267553,-0.160950622484251,-0.397127074496285,0.000215290969187502
307.5,51.5092529259349,-0.16095034310785,-0.214084794880575,0.0657964807230636
308,51.5092518628877,-0.160949606703998,-0.252269645909202,0.127771611876161
308.5,51.5092509223686,-0.16094845530402,-0.179190382125012,0.182349435467111
309,51.509250204923,-0.16094704152152,-0.145961718604973,0.20608072277956
309.5,51.5092497133995,-0.160945210521779,-0.0837601018277693,0.287953536856051
310,51.5092495890045,-0.160943439399272,0.0115759982541627,0.216508463589394
310.5,51.5092497589707,-0.160941526250942,0.0561915189008131,0.30004540709361
311,51.5092501781538,-0.160939792086137,0.119234347705645,0.199320231909565
311.5,51.5092508177343,-0.160938377312577,0.158476159993748,0.194435101775973
312,51.5092517263705,-0.160937227251673,0.232785167904048,0.135368897554772
312.5,51.5092528194668,-0.160936529008742,0.250546373001702,0.0700629783373283
313,51.5092538622637,-0.160936334577826,0.219086238130232,-0.00314840023907798
313.5,51.5092551426416,-0.160936364093865,0.3309804042103,-0.00476342103573382
314,51.509257231098,-0.160936480708955,0.558334050458595,-0.0241927556008965
314.5,51.509260641043,-0.160936374706358,0.899078599842387,0.0419569838522664
315,51.5092653534877,-0.160936118993499,1.15326638677959,0.0309914677812819
315.5,51.5092705206419,-0.160936028185164,1.1473422317046,-0.000258603001785779
316,51.509275753855,-0.160935778729478,1.17647786912274,0.0590653510149525
316.5,51.5092814115198,-0.160935851729079,1.31664434669362,-0.0585773913881401
317,51.5092868908328,-0.160936014110193,1.15106093672672,0.002673916649324
317.5,51.5092921907094,-0.160935766360576,1.19909224875407,0.0566098467057889
318,51.5092978107837,-0.160935061680341,1.2865945442869,0.126713684644421
318.5,51.5093035004333,-0.160934459657096,1.25166186475625,0.0534086799121494
319,51.5093092067321,-0.160934280372238,1.28241279313091,0.00493430975181004
319.5,51.5093148687901,-0.160934185059399,1.24415172759807,0.0190446797677114
320,51.5093205986174,-0.16093418821262,1.29657024366712,-0.0140755968936909
320.5,51.5093261479361,-0.160934105314934,1.19159456382999,0.0294209994076764
321,51.50933173719,-0.160934268173872,1.28018424379914,-0.0590377099309147
321.5,51.5093373482832,-0.16093439636355,1.22643277615326,0.0110671025795251
322,51.5093430539384,-0.160934180806478,1.2998297388099,0.0431354718091362
322.5,51.5093486478709,-0.160934217383289,1.20618939618823,-0.0388288187961943
323,51.5093541746878,-0.160934294304005,1.24634920996698,0.00902297241100489
323.5,51.5093597696228,-0.160934232472939,1.24400501462483,0.00827919354048456
324,51.5093654066081,-0.160934405846145,1.26155272477928,-0.0467203190118414
324.5,51.5093709072847,-0.160934759458519,1.19770653938378,-0.0507662493967422
325,51.5093764553659,-0.160934988130578,1.26033106848784,-0.0184418339681789
325.5,51.5093820497828,-0.160935004374337,1.23402174149144,0.00907493286787231
326,51.5093876655387,-0.160934795633418,1.26051037091734,0.0429209832567513
326.5,51.5093934606622,-0.160934548110926,1.30981944253411,0.0283831573926508
327,51.5093990768118,-0.160934565242785,1.20760089578588,-0.0239121961709011
327.5,51.5094044451359,-0.160934536672151,1.18540660423398,0.0234826524114311
328,51.5094099488716,-0.160934354466432,1.25216603799479,0.0265719065106502
328.5,51.5094155658025,-0.160934226171501,1.24825385306172,0.0116837528438248
329,51.5094211822549,-0.160934049798107,1.25081136681473,0.0334544024680669
329.5,51.5094269788886,-0.160933962661519,1.31718004043859,-0.00284944844099658
330,51.5094326860337,-0.16093403656249,1.23687024383277,-0.0154497435536518
330.5,51.5094384379527,-0.160934048771586,1.31002417017184,0.00793285835341893
331,51.5094441451782,-0.160933980719596,1.2419097876935,0.0105106978926637
331.5,51.5094496712509,-0.160933814446735,1.22106343264257,0.031891280406492
332,51.5094552422527,-0.160933680918301,1.25265166401237,0.00919553496084638
332.5,51.5094607248345,-0.160933656772084,1.19709239916533,-0.00073715246309684
333,51.509466409037,-0.160933710267781,1.31225290355878,-0.0121116673166452
333.5,51.5094721154304,-0.160933729829505,1.2400349198826,0.00386061729861082
334,51.5094779339396,-0.160933764999184,1.33299860737778,-0.0110042424310408
334.5,51.5094836166055,-0.160934020796996,1.21653727882696,-0.0526781512397593
335,51.50948920944,-0.160934271672227,1.26407887138246,-0.0223444318662984
335.5,51.5094948034061,-0.160934314523017,1.23122777117829,0.00552616778514902
336,51.5095004880569,-0.160934248309793,1.28852772169217,0.0117613204927786
336.5,51.5095061493201,-0.160934381035068,1.23957071723812,-0.0395627346482492
337,51.5095115844965,-0.16093465017563,1.18831660691727,-0.0358367266882106
337.5,51.509517380243,-0.160934820282713,1.36059080988417,-0.0150680701041113
338,51.5095229286012,-0.160934996475588,1.14641690774683,-0.031042676037875
338.5,51.5095284532403,-0.160935288349373,1.28736616665833,-0.0471669204062105
339,51.5095342401528,-0.160935063027983,1.28791436440294,0.086203941419577
339.5,51.5095398713031,-0.160934677094069,1.22860899501748,0.0307569008291694
340,51.5095455261908,-0.160934978508569,1.27910211432034,-0.0926786829142409
340.5,51.509551270821,-0.160935348358443,1.277704701878,-0.0224279240706359
341,51.5095569107479,-0.160935390643161,1.23907576182064,0.00571824729591135
341.5,51.5095624128515,-0.160935608077099,1.21398028817177,-0.0553280061147244
342,51.5095678014771,-0.160935941060629,1.18862068589536,-0.0398710752419726
342.5,51.509573484301,-0.160935964357069,1.31766165581262,0.0224106346391937
343,51.5095791438232,-0.160936026989545,1.21851839251991,-0.0304718209434622
343.5,51.5095848042035,-0.16093619491111,1.288243308726,-0.0183075542071652
344,51.5095905262657,-0.160936527302177,1.26276884762549,-0.0656455017186118
344.5,51.5095958655346,-0.160936978674915,1.13579809709315,-0.0605945057423011
345,51.5096003772297,-0.160937299302601,0.911623390132719,-0.033267877498982
345.5,51.5096037449995,-0.160937449176725,0.635822083253653,-0.0120902076654309
346,51.5096060361534,-0.160937514816419,0.42162126537199,-0.00703107507775011
346.5,51.5096075551485,-0.160937213959315,0.279469908792363,0.0759389353748298
347,51.5096084732096,-0.160936568250523,0.151654783776205,0.0992620092407195
347.5,51.5096093642705,-0.160935541339741,0.230911805203513,0.172918407392284
348,51.5096100962312,-0.160934244043808,0.11524750261291,0.185183213264168
348.5,51.5096105829607,-0.16093253405182,0.103446552068261,0.274014556034238
349,51.509610724156,-0.160930585396481,-0.0190012673921227,0.268168986284678
349.5,51.5096105676112,-0.160928852014918,-0.0459168414663097,0.221445613001817
350,51.5096101901959,-0.160927320893414,-0.110626688044517,0.206408585616639
350.5,51.5096095619695,-0.160925888798961,-0.160206507083638,0.193559220053267
351,51.5096088428569,-0.160925003476141,-0.159881071543188,0.0734885896286751
351.5,51.5096076761742,-0.1609242803149,-0.329415467891617,0.119259869185106
352,51.5096066379601,-0.160924076675614,-0.162144326876052,-0.0354129463923608
352.5,51.5096051336991,-0.160924163158876,-0.455530161929764,0.00437472647945908
353,51.5096027089814,-0.160924307939144,-0.598350042497098,-0.0372376285073744
353.5,51.5095991819873,-0.160924429383463,-0.915344739807169,-0.00260054176477905
354,51.509594918611,-0.160924751740553,-0.972006828661894,-0.0742718864158549
354.5,51.5095894879606,-0.160924997547726,-1.37389925061565,-0.00603237395636669
355,51.5095839831545,-0.160924969917102,-1.12062615389552,0.0107448614520774
355.5,51.5095783455753,-0.160925190894031,-1.34814268302713,-0.0596829402852371
356,51.509572663618,-0.160925472771057,-1.20566841233276,-0.024758936417649
356.5,51.5095671146548,-0.160925479238258,-1.25509145128852,0.0158046742047968
357,51.5095614756365,-0.160925310128474,-1.25456136243752,0.0288550559847944
357.5,51.5095559056367,-0.160925407135073,-1.22882408478531,-0.0430969285317432
358,51.5095502007802,-0.160925515999701,-1.29785374633978,0.00447037168111591
358.5,51.5095444488283,-0.16092547335743,-1.26734821398237,0.00693644244775397
359,51.5095389677848,-0.16092565218102,-1.18622295023852,-0.0470668004419517
359.5,51.5095332194262,-0.160925994949415,-1.34413049442083,-0.0479636953222424
360,51.509527469445,-0.160926212871367,-1.23420897252214,-0.0178658811994187
360.5,51.5095217498234,-0.160926633201997,-1.29966965452477,-0.0867129237329236
361,51.5095162768969,-0.160927026876185,-1.16052741575353,-0.0322277523258345
361.5,51.5095105695555,-0.160927074618364,-1.34660138168626,0.0112898829300597
362,51.5095050431017,-0.160927225980046,-1.14792353911266,-0.0436318544275167
362.5,51.5094993605676,-0.16092749149768,-1.34603999702794,-0.0321331672408374
363,51.5094936769972,-0.16092757548754,-1.20775045382861,0.0026673992255902
363.5,51.5094882856623,-0.160927665396891,-1.19400644589175,-0.0230902962561127
364,51.5094823108089,-0.160927711815523,-1.42436038185028,0.00520608033711026
364.5,51.5094767841191,-0.160927680712285,-1.09358148122722,0.00369766997017534
365,51.5094711673364,-0.160927827798637,-1.35920701992956,-0.0373081392945379
365.5,51.5094653036162,-0.160928000411779,-1.26668053669697,-0.0146296831304968
366,51.5094596194411,-0.160928148810209,-1.26353082126564,-0.024788717143268
366.5,51.5094539186332,-0.160927906435663,-1.27202747867533,0.0745646958791094
367,51.5094482632482,-0.160927496288063,-1.24889727622273,0.0446202051634936
367.5,51.5094428037856,-0.160927406921748,-1.19097496942061,-0.0101391895657241
368,51.5094371882758,-0.160927251471571,-1.29055003228284,0.0437915132947634
368.5,51.5094317581288,-0.160926804996788,-1.15072854181976,0.0747365160111591
369,51.5094261689215,-0.160926500454463,-1.30877285374639,0.0195718017043874
369.5,51.5094206653966,-0.160926638432954,-1.16572993485618,-0.0462701544433855
370,51.5094150293383,-0.160926975765954,-1.31599463218805,-0.047238528913885
370.5,51.5094092375196,-0.160927378494964,-1.26973033442473,-0.0619974424221073
371,51.5094036247585,-0.160927745959678,-1.23438149170045,-0.0433420565000796
371.5,51.5093980564285,-0.160928093640759,-1.24231829875108,-0.0517308979069769
372,51.5093925547243,-0.160928398797165,-1.21155938661621,-0.0358207415437182
372.5,51.5093868934233,-0.160928464393927,-1.29346280734195,0.00959035829696471
373,51.5093812536174,-0.160928419516562,-1.2279992614372,0.00388008328360208
373.5,51.5093754792254,-0.160928348275296,-1.32473487658362,0.014100495549696
374,51.5093700197495,-0.16092834385933,-1.13789365205049,-0.00882795448230519
374.5,51.5093644938118,-0.160928277472148,-1.29382364692177,0.0218503154791263
375,51.5093588563429,-0.160928006505741,-1.22686262011259,0.0486666247804281
375.5,51.5093532657849,-0.160927658293573,-1.2559898995351,0.0481291442289005
376,51.5093476068159,-0.160927396172027,-1.26147931997203,0.0281836231126686
376.5,51.5093418858026,-0.160927714781008,-1.28110677481817,-0.0949364788028501
377,51.5093364569358,-0.160927964475803,-1.15685450426422,0.00751484244951519
377.5,51.5093307515536,-0.160928013135767,-1.34843124346897,-0.016746621827847
378,51.5093251147558,-0.16092831745662,-1.18838340439996,-0.0601126080615578
378.5,51.5093193420767,-0.160928417075798,-1.35181804143813,0.0185636155692603
379,51.5093136801099,-0.160928295287234,-1.19553359538142,0.0157537894553616
379.5,51.5093080869053,-0.160928392795696,-1.27892135373109,-0.0340446317533508
380,51.5093022917485,-0.160928632925328,-1.29694429715268,-0.0328516271305771
380.5,51.5092967479773,-0.160929001089714,-1.1892342222114,-0.0639094883894461
381,51.5092911153691,-0.160929437282986,-1.29823649740574,-0.0582272950859227
381.5,51.5092855709685,-0.160929325996617,-1.18856774395562,0.0670283885024081
382,51.5092801826573,-0.160929144283235,-1.20629049434251,-0.00402620319878714
382.5,51.5092743856886,-0.160929235007289,-1.3484713046803,-0.0185971857012719
383,51.509268881055,-0.16092917362622,-1.13836033937627,0.0275071107216757
383.5,51.509263624793,-0.160928961605616,-1.19148411444699,0.0307927665682922
384,51.5092588847662,-0.160928865020292,-0.95901628154529,0.00124415945317009
384.5,51.5092556044066,-0.160928833083493,-0.569581514515042,0.0066678132391676
385,51.5092532004765,-0.160928764897103,-0.510650506819435,0.0114280221524907
385.5,51.5092519601807,-0.160928388010006,-0.111723169267569,0.080965104900949
386,51.5092507938454,-0.160927412666259,-0.362994578877067,0.173555673269516
386.5,51.5092498392302,-0.160926164718561,-0.107015191252929,0.173090822646345
387,51.5092491261497,-0.160924665158744,-0.194833122328959,0.232809615213034
387.5,51.5092486922101,-0.160922939303346,-0.0277673045925851,0.244423852534429
388,51.5092485580626,-0.16092120725193,-0.0313081167137789,0.237756466331282
388.5,51.5092487161548,-0.160919474201621,0.0817187311994209,0.242659425267475
389,51.5092491480173,-0.160917828967405,0.10616160763412,0.21849823886415
389.5,51.5092498105362,-0.160916387125281,0.176304254073843,0.187400076503369
390,51.5092505674293,-0.1609153938303,0.16290418828255,0.103288607856251
390.5,51.5092516482536,-0.160914628574607,0.294820759073239,0.108337640654953
391,51.5092527463949,-0.160914441439309,0.209029876491584,-0.031662803266026
391.5,51.5092539795774,-0.160914568275531,0.320166800205181,-0.00777590202147966
392,51.5092563585715,-0.160914754692467,0.675808014145022,-0.038560839941131
392.5,51.5092596371605,-0.160914913717721,0.76715751299799,-0.0105455368748855
393,51.5092639060673,-0.160914899910194,1.07782983483343,0.0106411606446489
393.5,51.5092692751179,-0.160914947260506,1.27652110236473,-0.0186259146771883
394,51.5092749131859,-0.160915184266155,1.23920102726677,-0.0429073428458877
394.5,51.5092803275454,-0.160915325582604,1.18070069743383,-0.00332278260249195
395,51.5092861245426,-0.160915417002634,1.36639492645742,-0.0192538606575615
395.5,51.5092920036357,-0.160915820835193,1.26746418395373,-0.081847447988276
396,51.5092976435346,-0.160916618876162,1.24623345971451,-0.131085272784218
396.5,51.5093032003561,-0.160917197268248,1.22966844943404,-0.0447704076951353
397,51.5093089949178,-0.160917480536369,1.33119621973483,-0.0355264628286399
397.5,51.5093148129204,-0.160917612864024,1.2689940144705,-0.00636755915005081
398,51.5093203844118,-0.160917709266455,1.21928541608998,-0.0182986017107671
398.5,51.5093259772917,-0.160917960012667,1.26217224127879,-0.0463798729621912
399,51.5093316779747,-0.160918375824305,1.27293121209656,-0.0656868299191625
399.5,51.5093375144963,-0.160918669163799,1.31678486026431,-0.0232622828156079
400,51.5093432443737,-0.160918683081192,1.24574599871282,0.0129983847554814
400.5,51.5093488618756,-0.160918677214797,1.25296386526226,-0.00771410173690654
401,51.5093545655911,-0.160918425817869,1.28052421138526,0.064742330576179
401.5,51.5093601745121,-0.16091846572764,1.22537314188779,-0.0547403656748594
402,51.5093656051502,-0.160918546256063,1.19653812023507,0.0193094577004267
402.5,51.509371422245,-0.160918410620881,1.36291129458363,0.0185001681778843
403,51.5093769707353,-0.160918607298964,1.1448424758057,-0.0593761242226302
403.5,51.5093826761787,-0.160918668898803,1.35686278973731,0.0270226012650755
404,51.5093883301226,-0.160918925743654,1.18896741039281,-0.0795442221047293
404.5,51.5093941632099,-0.160919391713529,1.37426042850045,-0.0543115357891984
405,51.5093997798476,-0.160919467621454,1.16267687510978,0.0200999623111585
405.5,51.5094054646378,-0.160919399497389,1.33656605041988,0.00201075225624146
406,51.5094110561004,-0.160919140483063,1.17953971023322,0.0597329502456352
406.5,51.5094168944265,-0.160918964668373,1.38284156282902,-0.000311914065409979
407,51.5094227078802,-0.160919324961872,1.23112153126152,-0.0848291210886533
407.5,51.509428116748,-0.160919501405102,1.18427901781729,0.0177308768502196
408,51.5094338004942,-0.160919467313118,1.32104962351555,-0.00436418589362269
408.5,51.5094391250389,-0.160919453326215,1.08943164735097,0.00635654443922169
409,51.50944478638,-0.160919455872388,1.37896742800205,-0.00505060628994907
409.5,51.509450400074,-0.160919764307578,1.1582684432373,-0.0692708124402024
410,51.5094559466681,-0.160920044998535,1.28737520920945,-0.0177676240191618
410.5,51.5094615398301,-0.160919960503814,1.21461615716098,0.0323823408895782
411,51.5094670803408,-0.160919472169628,1.24563059647539,0.0926037786382345
411.5,51.5094726200731,-0.160919317392352,1.22362604933549,-0.0282874313637329
412,51.5094782314431,-0.160919736436362,1.2661282910299,-0.0791142263504302
412.5,51.5094839798913,-0.160920000185722,1.28823062317611,-0.00687812652401538
413,51.5094896823295,-0.160919755751296,1.25535434051595,0.0625134727325214
413.5,51.5094952500913,-0.160919506919301,1.22742239410533,0.0149773927673852
414,51.5095011597058,-0.160919503235471,1.37629065047826,-0.00961460643909848
414.5,51.509506686173,-0.160919614984681,1.12714611552089,-0.0196481840403455
415,51.5095123236393,-0.160919606726293,1.34353595938148,0.0157031217485209
415.5,51.5095180514213,-0.160919360603738,1.22622766909093,0.0471050457010197
416,51.5095238254921,-0.160919270987195,1.32585354676063,-0.0118195490026497
416.5,51.5095295987284,-0.160919439268891,1.25579979518497,-0.0314492011871151
417,51.5095351248125,-0.16091955550823,1.21134475560127,-0.00542384580317234
417.5,51.5095407622776,-0.160919714170565,1.28459648354589,-0.0336555349400003
418,51.5095465669494,-0.160920342100351,1.29657114511665,-0.12466386408816
418.5,51.5095521031427,-0.160920586783348,1.18662893896827,0.0295073246040589
419,51.5095577094618,-0.160920781413395,1.29011567394892,-0.0665975115835167
419.5,51.5095634071923,-0.160921220223581,1.25225400742455,-0.0569627870631541
420,51.5095690010871,-0.160921176328447,1.23947822848859,0.0502353862098889
420.5,51.5095747075825,-0.160921036681347,1.2910158126379,-0.00220111220954412
421,51.5095803922364,-0.16092107065961,1.24667728164005,-0.00647977968156563
421.5,51.5095858881165,-0.160921486689161,1.2063050321998,-0.0936677873056299
422,51.5095912943659,-0.160921882479771,1.2006601118734,-0.0278587758207842
422.5,51.5095967992226,-0.16092197895585,1.24191269652739,-0.00327199684409034
423,51.5096012471261,-0.160922129509656,0.813212110117406,-0.0332477647501607
423.5,51.5096047954477,-0.160922114340613,0.773009034760766,0.0268540812337244
424,51.5096070389351,-0.16092217707514,0.307559131047852,-0.0336063135976528
424.5,51.5096082274514,-0.160922297343111,0.234300013604114,-0.00486477987119597
425,51.5096086090883,-0.160922306463157,-0.0196445604825116,0.00125256329107001
