0,51.509254423057,-0.161045358107712,-0.0160038891069265,0.0472024949475667,-1.542892291
0.5,51.5092474121655,-0.161042655033865,0.11939769205337,-0.00101384876233395,-3.76244129654436
1,51.5092478356869,-0.161044422590541,0.21865201637985,0.0159022001053514,-0.580283793359529
1.5,51.5092504981773,-0.161044188531239,0.460621855394155,0.00280408165204353,0.097627888844399
2,51.5092536591104,-0.161044048032802,0.715306461271231,0.0198102275506048,-0.216184473775419
2.5,51.5092577712256,-0.16104431561548,0.941259269400685,0.0224394353932754,0.429909840851446
3,51.5092626061978,-0.161043670878189,1.19461741716555,0.0270988628179153,0.962093970024369
3.5,51.5092679155229,-0.161042952628009,1.22780986636179,-0.00926964204977212,1.32864381406286
4,51.5092737285713,-0.161042458803947,1.24105022914045,-0.00877157344076572,-0.17260949171794
4.5,51.5092791836652,-0.161041835269256,1.24935420412109,-0.00314267337180482,0.00106818740147948
5,51.5092847896084,-0.161041424224163,1.23953474942308,0.00100991903638653,0.264764979066306
5.5,51.5092905606981,-0.1610412509644,1.25964037482762,-0.0205325563685439,0.477476505250754
6,51.5092960717924,-0.161040922985024,1.23621979474882,0.0248987596317157,-0.108912272149061
6.5,51.5093015782968,-0.161040419522729,1.23702701320032,0.0237424581088566,0.594874137843135
7,51.5093071636858,-0.161039927858806,1.26323630153439,-0.00296717270307163,0.615243922299352
7.5,51.5093129214166,-0.161039589269767,1.25503881763119,0.00942009577703811,0.982291722899262
8,51.5093184874356,-0.161039019335363,1.23798817303848,0.00477360842516444,0.811609772149975
8.5,51.5093241554497,-0.161038704639512,1.25362108686474,-0.00199569787440844,0.499562127590346
9,51.5093297886991,-0.161038255702236,1.26123993813709,0.0145812538700002,0.330706182846408
9.5,51.5093355053102,-0.161037823157065,1.26740772298158,0.0317489320071051,1.70625468899293
10,51.5093411078481,-0.161037294788579,1.23878937420218,0.0366417604840407,2.21528276471691
10.5,51.5093467413805,-0.161037110913373,1.24500828522756,0.019768045457786,2.12468792968544
11,51.5093523522811,-0.161036889277424,1.2674813116197,0.00516568378714768,1.94566670526789
11.5,51.5093580974015,-0.161036744261564,1.2569569569862,0.0283400844102145,1.59285775051313
12,51.5093636829431,-0.161036581427137,1.25760630708658,-0.00193851575653859,1.3584157173794
12.5,51.5093693840264,-0.16103658640246,1.24195473148869,-0.0157428051710871,1.46880014063364
13,51.5093749038752,-0.161036612727424,1.2395836312338,-0.00189285862904966,1.01664649057602
13.5,51.5093805576972,-0.161036631247052,1.2435457337138,0.00851721192328917,0.600020378688833
14,51.5093861322515,-0.161036560885225,1.26447034309173,0.0137060504785242,0.354366627656198
14.5,51.50939183856,-0.161036625891885,1.2449310952476,-0.0340153919525939,0.497568955593904
15,51.5093973746406,-0.161036817266384,1.25169777843107,-0.0309880791175189,0.264446596428224
15.5,51.5094030209853,-0.161037032000104,1.22988848218999,-0.0172821075510487,-0.646577812083221
16,51.5094084602186,-0.161037085275887,1.21833425690675,-0.00700439097816553,-1.0849416123403
16.5,51.5094140157255,-0.161037095534519,1.23643889170976,-0.00924770142227089,-0.778328003611542
17,51.509419442839,-0.161037076814901,1.21337150930151,-0.00276290489048034,-0.342188411181533
17.5,51.5094249904989,-0.161037097078653,1.2323293087445,-0.00443107127185061,-0.283780296806032
18,51.5094305189061,-0.161037017396926,1.24665471817918,0.00306507879538946,-0.324287629781947
18.5,51.5094361252456,-0.161036954857141,1.23268894529365,-0.0078105970822169,-0.00241844772152855
19,51.509441605306,-0.161036861256536,1.24158637848437,0.00189888556077529,0.425131113953878
19.5,51.5094472533135,-0.161036740073278,1.25064315414498,0.0114877283886993,0.421587863657557
20,51.5094528263605,-0.161036531559829,1.25601812594573,0.0118157102843617,0.268232048718085
20.5,51.509458403227,-0.161036433145227,1.2438498902679,0.00863417320331359,0.310970613604101
21,51.5094639935999,-0.161036233605404,1.23040348576396,0.0160636759053006,-0.0686902256464967
21.5,51.5094694572101,-0.161036055980035,1.23372825609741,0.00942918310912957,0.204049327875743
22,51.5094750080114,-0.161035940193631,1.25389583242909,-0.0169730609101408,0.161425049597781
22.5,51.5094806177272,-0.161036129383724,1.24249625457004,-0.0172844858240323,-0.246946252754438
23,51.5094862351278,-0.161036172016713,1.25377622591199,-0.0206306198262488,0.19273219881583
23.5,51.5094917501068,-0.161036179179839,1.21459692457975,0.0141150631426763,0.252697187333637
24,51.5094972788253,-0.161036060383761,1.23450957652543,0.010989717757601,0.267929117392016
24.5,51.5095027901063,-0.161036056141994,1.23145304175508,-0.00591001838225408,0.0487690186546779
25,51.5095083815043,-0.161036018610725,1.24804856370131,-0.00674717868738398,-0.208258453925369
25.5,51.5095139789572,-0.161036175905416,1.25188443106341,-0.0356198068393208,-0.359361301262182
26,51.5095196363462,-0.161036285132449,1.27061826047211,-0.00130507094114393,-0.473204857263992
26.5,51.5095252532624,-0.161036339001923,1.25280619503922,-0.0196773700738842,-0.794855024764541
27,51.5095308439758,-0.161036480556652,1.21717907952827,-0.0121883378529984,-0.904361902473479
27.5,51.5095362948226,-0.161036603967433,1.2334895221002,-0.0466986012916892,-0.862236804989765
28,51.5095419003161,-0.161036873911446,1.25026945557508,-0.0338171103785181,-0.954441854184267
28.5,51.5095474643612,-0.161037172149127,1.2415214627307,-0.036795355399324,-0.835123020441376
29,51.5095530652916,-0.161037408344164,1.24597378381271,-0.0439745310209353,-0.88912654747387
29.5,51.5095586139539,-0.161037754290442,1.24232453069783,-0.0315236851948148,-0.412497015943401
30,51.509564239246,-0.161037820664242,1.25107980809219,-0.0103633606789821,-0.125397959761776
30.5,51.509569874188,-0.161037967390538,1.2513477845753,-0.0153663994296926,-0.434639206222709
31,51.5095754601108,-0.161037977276166,1.25543337394878,-0.0127069074834629,-0.119974928378047
31.5,51.5095810514939,-0.161038034416904,1.23653231914069,-0.0032380459560197,0.0233142007329567
32,51.5095865873421,-0.161038085954279,1.23426128932276,-0.0168343623756453,0.630991627741221
32.5,51.5095916212162,-0.161038171173925,1.03015729181163,-0.0278028832541986,0.0758189862836806
33,51.5095955566618,-0.161038414245695,0.7924161983286,-0.0253306810408638,-0.805232737138705
33.5,51.5095985108093,-0.161038570198881,0.55252511301685,-0.037400781016677,-0.280793744126045
34,51.5096002246986,-0.161038753598772,0.284089626503567,-0.0195574514806884,0.0576114192781031
34.5,51.5096013228246,-0.161038561162876,0.239336673045787,0.0499388722461187,15.2576211628219
35,51.5096024381386,-0.161037895137992,0.254468341945318,0.115982143897893,30.3517641236556
35.5,51.509603374497,-0.161036816807844,0.188105788356116,0.163041451129974,45.5691331519701
36,51.5096040236042,-0.161035465059313,0.119816423269212,0.201437522980559,60.9929743610916
36.5,51.5096043984488,-0.161033880699454,0.0705137617718154,0.220009141515607,75.9826483417808
37,51.5096045602208,-0.161032204063331,0.0215448796108725,0.222050112428134,90.6199245314555
37.5,51.5096044604933,-0.161030602183996,-0.0425739918100618,0.235810794232383,105.036984435525
38,51.5096040480657,-0.161028818908268,-0.118875752155361,0.230543153057892,119.417871400738
38.5,51.5096034067439,-0.161027403294921,-0.152869682361678,0.177261766107459,134.139274570338
39,51.5096025376088,-0.161026249777694,-0.221714010533672,0.13592317630728,148.518082896512
39.5,51.5096014952486,-0.161025474742881,-0.222042793121106,0.0834379499869229,164.160239583729
40,51.5096004098189,-0.161025127281519,-0.255065005939256,0.0165349191197518,179.651246065822
40.5,51.5095986590892,-0.161024952832865,-0.481430180136542,0.0217811057636383,179.790256621765
41,51.5095958360886,-0.161024942173954,-0.719997281476614,-0.0274899076402608,179.722711545176
41.5,51.5095919305891,-0.161025007458514,-0.975167507214117,-0.00207353044348943,180.259735778919
42,51.5095868694941,-0.161025095423795,-1.21107174962102,-0.0148467318484387,180.554131550614
42.5,51.5095812712865,-0.161024997155611,-1.24208434039863,0.00982348124576367,180.148405389162
43,51.5095755962301,-0.161024841673314,-1.25859103893843,0.0158935494104303,179.921564294312
43.5,51.5095700206657,-0.161024778366666,-1.22681584343098,0.00186713055410639,180.177028106253
44,51.5095644258058,-0.161024835730256,-1.2393904998366,-0.0201380270395597,180.366213045675
44.5,51.5095588643918,-0.161024809900547,-1.23470102330106,-0.000724580780968001,180.587450576666
45,51.5095532314955,-0.161024758831212,-1.25527524698135,0.0209607508167491,180.663801293075
45.5,51.5095475678346,-0.161024588811111,-1.25787476883845,-0.0131073703436615,180.753656987173
46,51.5095418556554,-0.161024681385062,-1.26106560470551,0.00359198864612524,180.924834413874
46.5,51.5095362756395,-0.161024678560698,-1.21902934132214,-0.0316346925637141,181.019993111076
47,51.5095306905893,-0.161024877459048,-1.26079537687871,-0.0314964216396852,180.952686721572
47.5,51.5095250569659,-0.161025032593312,-1.24155246491068,-0.0323688558339623,180.61448234834
48,51.5095194032566,-0.161025265898161,-1.25056964934505,-0.0305079252202749,180.814239533548
48.5,51.5095137247041,-0.16102532495109,-1.26804190083289,-0.00271629478553907,180.942975854032
49,51.5095080452527,-0.161025447353634,-1.24260533717908,-0.0249096543864035,180.893282824553
49.5,51.5095024498378,-0.161025345242028,-1.25787764094118,0.0264033927271321,180.02160889523
50,51.5094967001482,-0.161025176815843,-1.27447463459432,0.00306218715143661,179.805445913925
50.5,51.5094910571546,-0.161025196553273,-1.24877875999779,0.0140472306658639,179.59180404108
51,51.5094853027069,-0.16102496121052,-1.28056594835247,0.00436867557312309,179.642565373168
51.5,51.5094796581453,-0.161024973548783,-1.2535868002956,0.00943328430611608,179.922352010034
52,51.5094740284427,-0.16102484529652,-1.24077502910419,0.0183293388907809,180.175447219085
52.5,51.5094684275617,-0.161024756456334,-1.2412522966654,0.00833169373369816,180.482272329304
53,51.5094628102364,-0.161024631850209,-1.23923131512746,-0.00748391486065164,180.962598331929
53.5,51.5094572187235,-0.161024735295413,-1.26463757531038,0.00538344922982001,181.100798999445
54,51.5094514643981,-0.161024651933952,-1.26245107701006,-0.00506541121659088,181.048064906974
54.5,51.5094458374962,-0.161024686308085,-1.26167067024667,-0.00706579970576914,181.195720699932
55,51.509440073305,-0.161024659133255,-1.27255615102635,-0.000637689400997302,181.015591288755
55.5,51.5094344457911,-0.161024498025027,-1.24336086804513,0.0237695212588468,180.285140691164
56,51.509428780101,-0.161024459927177,-1.26484324800134,-0.00543084190174806,179.652263765796
56.5,51.5094231169354,-0.161024335391656,-1.24362442862729,0.015372732475368,179.628387226776
57,51.5094175499654,-0.161024269171307,-1.24345137116395,0.00627180412483927,179.177748046517
57.5,51.509411883436,-0.161024093710114,-1.2513859169807,0.0303779707769179,178.792450926181
58,51.509406284826,-0.161023766940244,-1.26077888576842,0.0603734158876504,177.892109248491
58.5,51.5094005863814,-0.161023301721898,-1.26055706667906,0.0342512213276107,178.631146448646
59,51.5093948730881,-0.1610232210848,-1.27453847449445,0.0132421082143539,179.108200113068
59.5,51.5093891577618,-0.16102304843383,-1.25612073347929,0.0203243153221388,179.414105769022
60,51.5093835426574,-0.161022868640172,-1.26364230966774,0.0186896257932757,180.041948975042
60.5,51.5093778107744,-0.161022859534793,-1.25803287124048,-0.00459527722121999,180.568266581844
61,51.5093722109626,-0.161022878149581,-1.24239952744618,-0.024053757033714,180.56060589448
61.5,51.5093666507681,-0.161023092905084,-1.2391020155665,-0.0344562812546023,181.335677761207
62,51.5093609938509,-0.161023342513495,-1.25541735834692,-0.0292159066343764,181.657352774813
62.5,51.5093553570633,-0.161023422461909,-1.26075039721896,-0.00969981643188526,181.199056487152
63,51.5093496684016,-0.161023572029355,-1.25054829729708,-0.0319600690884988,181.549940793348
63.5,51.5093440330647,-0.161023766122687,-1.27609212595549,-0.0100800074453957,181.277843841824
64,51.509338315174,-0.161023809252199,-1.2508215020176,-0.0327479296864417,181.019688774754
64.5,51.5093327617018,-0.161024061603658,-1.23779050378155,-0.0203167893056132,180.388286342484
65,51.5093270705372,-0.161024059723618,-1.264288387859,-0.00144942774993245,179.218442341764
65.5,51.5093214792708,-0.161023934150798,-1.24042676949865,0.0395064758279755,179.02818503433
66,51.5093158238985,-0.161023577687032,-1.25901531419881,0.0483989818406732,179.072775891506
66.5,51.5093101532274,-0.161023360658387,-1.27269958219032,0.017464961766813,179.788655881503
67,51.5093044897078,-0.161023239820806,-1.23138691975651,0.00765658894787785,180.264885707984
67.5,51.5092989837207,-0.161023213380961,-1.23191225099516,0.000994567091216161,180.531479550104
68,51.5092933959425,-0.161023137590431,-1.22568774260372,0.00436614480097161,180.603252401357
68.5,51.5092879494439,-0.16102320399877,-1.22816115266448,-0.00186582050811754,180.614884110438
69,51.5092822812927,-0.161023147303388,-1.25238435851204,-0.00426854501547061,180.568520318214
69.5,51.5092767417161,-0.161023164695054,-1.25140342092684,-0.00135545660337626,180.24057213958
70,51.5092709826273,-0.16102317352069,-1.2624684820186,0.00689428360767286,179.992806809033
70.5,51.5092654079249,-0.161023084944105,-1.25453044085142,0.00736054312096126,180.593479644654
71,51.5092597086128,-0.161023017233831,-1.25997860973019,0.00725847163345642,180.315340997184
71.5,51.5092546067206,-0.161022981823695,-1.02328656546488,-0.00457653954606294,179.968737141267
72,51.5092506645121,-0.161022980722481,-0.792741808789083,0.0207468455042096,179.483436826662
72.5,51.5092477441095,-0.161022717384872,-0.540053616810832,0.0253621906716685,178.963521248372
73,51.5092459308045,-0.161022585046664,-0.305730681078379,0.0244068921557842,178.859810516581
73.5,51.5092448286912,-0.161022156482225,-0.223780277867175,0.0747549641394916,163.962177754592
74,51.50924382235,-0.161021464218698,-0.217141445280342,0.110149697902731,148.896148299323
74.5,51.5092430189588,-0.161020498535675,-0.16398259381248,0.148247766028463,134.31827590643
75,51.5092423105095,-0.161019065150364,-0.140780054654029,0.234541007543014,119.274744083521
75.5,51.5092418947926,-0.161017230755273,-0.0577572660233954,0.246672561438543,104.082724431568
76,51.5092418208653,-0.161015497001591,0.00760089245641003,0.26237901018969,88.9407530626048
76.5,51.5092419716534,-0.161013568587277,0.0541335298652151,0.241168245421637,74.7305280663526
77,51.5092424010474,-0.161011910587714,0.119775072187254,0.236313496827668,59.9315091613206
77.5,51.5092430164121,-0.161010370525166,0.15250520697332,0.194590379731705,45.1065115704905
78,51.5092438627612,-0.161009083216716,0.203256113266538,0.16460163687176,30.5034733792712
78.5,51.5092447995979,-0.16100822279255,0.213003470366382,0.0849649360768615,15.7394264823787
79,51.5092457578646,-0.161007893809584,0.223202247335346,0.0153675295769573,1.14024256338189
79.5,51.5092473591439,-0.161007775541069,0.454659275920841,0.0134464414688404,0.658554939855984
80,51.5092500278811,-0.161007696656577,0.701765280553658,0.00626163702905101,0.158692059829734
80.5,51.5092538727855,-0.161007612339162,0.959545111703939,0.0175247456629732,0.396732545344662
81,51.5092588218709,-0.161007609183004,1.19815404190767,-0.0181250305894447,0.252464641778572
81.5,51.5092643635604,-0.161007733435595,1.23627826797442,-0.0222933715950949,0.471189135771466
82,51.509269991668,-0.161007892482693,1.25685432161389,-0.0183173395445083,0.676218576047313
82.5,51.5092756293147,-0.16100800940782,1.2671000853978,-0.0203279327352893,0.644779562636249
83,51.5092813614747,-0.161008126772111,1.25834596681173,-0.0055142475799831,0.447501857086472
83.5,51.5092869192023,-0.16100815450944,1.23951071764441,0.00283174842447993,0.606817633669044
84,51.5092925876376,-0.161008232195586,1.26452296453364,-0.0366574356457306,0.836015675995994
84.5,51.5092982843021,-0.161008466546279,1.2599893408881,-0.0303941902491835,0.664695778405164
85,51.5093039453172,-0.161008622483478,1.26246643158775,-0.00528744201647226,0.416495572749507
85.5,51.5093095945428,-0.161008554178908,1.24789175021092,0.0161360570863967,0.850911613896997
86,51.5093151788072,-0.161008442666593,1.25105327091741,0.026308773532428,0.84417150660545
86.5,51.5093207953511,-0.161008255743123,1.23714686666666,0.0157903202884114,0.269546105860408
87,51.5093263187108,-0.161008212847658,1.22218676925035,-0.00409947912547528,-0.519395338718639
87.5,51.5093318808075,-0.161008477043826,1.24247701402502,-0.048858752664551,-0.357535424794563
88,51.5093375145979,-0.161008706116785,1.26404644996165,-0.0373623836382438,-0.0873145233715761
88.5,51.509343169262,-0.16100899356683,1.2495548520857,-0.0366629093912129,0.104415276928174
89,51.5093488044291,-0.161009157584087,1.26545828000426,-0.0103409711695628,-0.040543016287267
89.5,51.50935453075,-0.161009310413333,1.25750642597545,-0.0221944870859556,0.372625613855207
90,51.5093601035803,-0.161009293771827,1.24430077546965,0.0163584600135802,1.01045810458588
90.5,51.5093657484142,-0.161009277526265,1.23926941355172,-0.0113917775526048,0.701329580608648
91,51.5093713262187,-0.161009321142925,1.25963818413152,-0.0004429681280608,0.904391048789891
91.5,51.5093769387196,-0.161009475423407,1.23654194504036,-0.0289204586280358,0.612940428012768
92,51.5093824970443,-0.161009540534723,1.24286976596082,-0.00490271056002618,0.318826894388695
92.5,51.5093881351235,-0.1610097292801,1.24113828756011,-0.0303507568751658,0.405020748961594
93,51.5093936965863,-0.161009829892774,1.24520132630219,-0.0170934015300293,0.321719660706109
93.5,51.5093993468141,-0.161009958710555,1.2449396011598,-0.000881577556657492,0.428740415897292
94,51.5094049781801,-0.1610098141889,1.27170157106443,0.0210648359940366,0.718566379038219
94.5,51.5094106601324,-0.161009694514364,1.24710758854864,0.0102892294260943,1.26953849675953
95,51.5094162646636,-0.161009525721966,1.24949550651594,0.0435883425361745,1.86264890946065
95.5,51.5094219267931,-0.161009358178377,1.25862800919218,-0.00287239919434795,1.58525406671757
96,51.5094274991735,-0.16100946745154,1.23254229058932,-0.0125186275658349,1.26075851755776
96.5,51.5094331072432,-0.161009388458709,1.24512449106733,0.0168734500091645,1.42673682978862
97,51.509438686848,-0.161009238448513,1.23888654638175,0.0261017697815333,1.79272223142458
97.5,51.5094443505293,-0.161009044705637,1.28381375375806,0.0133643708429737,1.84644650746783
98,51.5094500670863,-0.161008965759186,1.2614161626291,0.0190396928642075,2.16667383703114
98.5,51.5094556816234,-0.161008778285945,1.23398430635539,0.0231078832777167,2.42868508742989
99,51.5094612785385,-0.161008545573174,1.23421592528062,0.0451749244976189,2.42437796299971
99.5,51.5094667857751,-0.161008167253431,1.23493421435136,0.0531557130578545,2.33575268464091
100,51.5094724309899,-0.161008026255959,1.25237388101789,-0.00311056134328877,1.64292461159592
100.5,51.5094779421097,-0.161007967390312,1.24324712295327,0.0173594936392304,1.41675715337545
101,51.5094836977126,-0.161007944729319,1.24670477890078,-0.0187585104042947,1.01830126806057
101.5,51.5094891018015,-0.16100802115455,1.22570893763331,0.00392949748299393,1.21211573331282
102,51.5094947404762,-0.161007948072006,1.243003159251,0.00781227683409435,1.01285110480068
102.5,51.5095003755917,-0.161007978472683,1.26517083330319,-0.010708722377123,0.877749518122624
103,51.5095060233992,-0.161007933293643,1.24549177904626,0.0334847725981707,0.944548796467477
103.5,51.5095116270447,-0.161007795594587,1.26735494568277,-0.0118365734950194,0.388326698104243
104,51.5095173951997,-0.161008036233657,1.26701228472671,-0.0284111146300825,-0.0165047367271494
104.5,51.5095229402874,-0.161008168012712,1.22774423765279,-0.0294395441248535,-0.149277957382218
105,51.509528580607,-0.161008440538531,1.2527059561449,-0.0298057929740011,-0.012708825880097
105.5,51.5095341847876,-0.161008592991958,1.26815222978805,-0.0306724242176785,-0.25883955816522
106,51.5095399322436,-0.161008797433506,1.26593045307769,-0.0102862551481211,0.0625888809203301
106.5,51.5095455632109,-0.161008803954529,1.24484358459976,-0.00619845209364408,-0.06816286873065
107,51.5095511404466,-0.16100885480239,1.2376175923724,-0.000962425683008604,0.52918635608885
107.5,51.5095567726759,-0.161008763796641,1.26220806088139,0.00936998293310337,0.669812926985527
108,51.5095623889531,-0.161008786616136,1.26568389077083,0.00506427392570859,0.781885246010846
108.5,51.5095682223852,-0.16100873495273,1.27962601231669,-0.00882027351585262,-0.012618212558917
109,51.5095738709317,-0.161008892128877,1.269399467559,-0.015909321587106,-0.0637623716378229
109.5,51.5095796266083,-0.161008919699118,1.25955219643298,-0.00943407531189769,0.03421880438635
110,51.5095852351403,-0.161009089909605,1.27373020282584,-0.0364258202573056,-0.71649648456587
110.5,51.5095905363942,-0.161009332920701,1.06537201776547,-0.0348582186970348,-0.987874015083159
111,51.5095946037887,-0.161009562182576,0.813103132233925,-0.0285621110522716,-1.62563138783219
111.5,51.5095976006212,-0.161009733356153,0.548557890718006,-0.0190253197500569,-1.28700785526728
112,51.5095993470757,-0.161009888010651,0.291673480794576,-0.0252705365054459,-0.958376703928146
112.5,51.5096005106379,-0.161009740862819,0.23098367834531,0.0448004373167947,14.251742055556
113,51.5096014514938,-0.161009098072734,0.225101274266755,0.131076467525083,29.7213411787435
113.5,51.5096023060564,-0.161007891643206,0.143530905735974,0.186817253173808,44.9838831102426
114,51.509602877915,-0.161006516280278,0.132906309160634,0.188416319525079,60.5312639166676
114.5,51.5096033406634,-0.161004850574751,0.0661413190693836,0.236738422412646,75.4082898536875
115,51.5096034152478,-0.16100321882393,-0.00410047985200846,0.250237682817047,90.4034152139245
115.5,51.5096032761328,-0.161001420811543,-0.0550955839775236,0.22641814995518,105.019434408953
116,51.5096028626254,-0.160999926744,-0.112841909037303,0.208621538038701,119.4891387407
116.5,51.5096022492985,-0.16099845516201,-0.158607023941958,0.196445384487503,134.024395235486
117,51.5096013604027,-0.160997245639268,-0.206364230951895,0.13442910702061,148.778795213643
117.5,51.5096003843165,-0.160996579076772,-0.251041218217908,0.0766881061588219,163.537489216445
118,51.5095991720623,-0.160996173058955,-0.248281064263218,0.0271364120947018,178.353569796194
118.5,51.5095976117171,-0.160996123360104,-0.459806286521608,0.00293334477830481,178.655285064436
119,51.5095948079788,-0.16099604087294,-0.724041511543422,0.00462913701482508,179.049338362347
119.5,51.5095909218422,-0.160995915435171,-0.959462411287734,0.0325637455854135,178.763903641484
120,51.5095859547547,-0.160995718595289,-1.18570413194428,0.00987784573689347,178.402784183716
120.5,51.5095805136774,-0.160995733034207,-1.24317694855967,-0.000100207795988197,179.075369729398
121,51.5095748179754,-0.160995738348022,-1.25810137240691,-0.0107804675401878,179.136185670306
121.5,51.5095692077129,-0.16099567791357,-1.25991858126558,0.0301483283055248,179.044798144767
122,51.50956357255,-0.160995509536953,-1.23979969236154,0.0174031542336565,179.38044025075
122.5,51.5095579749095,-0.160995377956173,-1.25072776837125,0.0137946418519588,180.216902297094
123,51.5095523126179,-0.160995454019153,-1.2546786555842,-0.0282964950517454,181.01797428486
123.5,51.5095467098208,-0.160995618786785,-1.24033541641368,-0.0187202641553909,180.875389616306
124,51.5095411046519,-0.160995729205012,-1.25860826964473,-0.0212651559975611,181.180804027832
124.5,51.5095354332237,-0.160995981247235,-1.25577066903185,-0.0314402122944832,181.544983209264
125,51.5095298048263,-0.160996190173632,-1.24768582601783,-0.0474571584234658,181.489456027883
125.5,51.509524186459,-0.160996471149978,-1.25131846934839,-0.0197486455869099,180.63753612758
126,51.5095185491069,-0.160996512358451,-1.25045814833286,0.000606558919927717,179.847740756037
126.5,51.5095129113823,-0.160996371815702,-1.26599870161918,0.0269005769714653,179.268774636132
127,51.5095072687407,-0.160996198901373,-1.23402920668082,0.00798389085584066,178.902737937419
127.5,51.5095017876409,-0.160996182259786,-1.21636184315356,0.0179654062364013,178.600674853198
128,51.5094962474274,-0.160996039001459,-1.23186419232943,-0.00345874262286192,178.617812397268
128.5,51.5094907061668,-0.160996084182599,-1.23889579848161,0.0262269335910465,179.18698899398
129,51.5094850735017,-0.160995827027551,-1.25479787074348,0.00980879533517702,179.912555271838
129.5,51.5094795216276,-0.160995941054226,-1.23090113937547,-0.0134087682280691,180.473736303501
130,51.5094738854508,-0.160996007047202,-1.26270255037956,-0.0162827115816286,180.516849945394
130.5,51.5094682097283,-0.160996106631211,-1.27044711247839,-0.0106162504856753,180.298713466715
131,51.5094624815702,-0.160996175817009,-1.26131562507773,-0.0151515260574576,180.25875334163
131.5,51.5094569072287,-0.160996295066312,-1.24536323922002,-0.0171129283486547,179.996433965054
132,51.5094511874702,-0.160996404719601,-1.26441272489137,-0.0098794951706188,179.432308530536
132.5,51.5094455994846,-0.160996326925704,-1.24364758898722,0.0202938358439542,178.779295401149
133,51.5094399188719,-0.16099614110175,-1.25426703529775,0.029874310218531,178.001476257163
133.5,51.5094343812583,-0.160995844376951,-1.24709477195587,0.0466956727989872,178.213810461943
134,51.5094286570401,-0.160995493683511,-1.26574460343525,0.0516400641683283,178.452795298626
134.5,51.5094230940715,-0.16099511807617,-1.23526069187198,0.0447549377392869,178.675542027973
135,51.5094175142385,-0.160994828103842,-1.22192354159915,0.0291365984455868,178.88103897062
135.5,51.5094120169509,-0.16099479031189,-1.23772895573605,-0.00322262152339737,179.277639637706
136,51.5094063920987,-0.160994791305729,-1.25310278618842,-0.00243870089717819,180.19726113735
136.5,51.5094007784524,-0.160994725767128,-1.2593461712627,0.0140700508749033,179.420671494412
137,51.5093950565379,-0.160994573540277,-1.25511452537137,0.0216240708297118,179.020625704873
137.5,51.5093894715879,-0.1609944470459,-1.24531366122766,0.0237973888783113,179.231593837496
138,51.5093838955766,-0.160994252162329,-1.23199369289239,0.0123251019748414,179.454875241951
138.5,51.5093783156229,-0.160994171418327,-1.24889614322726,0.0232814256885687,179.238277575604
139,51.5093727222603,-0.160993931260533,-1.24132439068479,0.0287125970086629,179.061532701584
139.5,51.5093671547458,-0.160993780420643,-1.23943604141523,0.0260060827404916,179.35525181395
140,51.5093614897864,-0.160993513445771,-1.26745002512415,0.0280280349789876,179.719260701133
140.5,51.5093558304667,-0.160993380332415,-1.27329935484425,0.0245700697016897,179.816565812122
141,51.5093501211308,-0.160993149908579,-1.24354878545069,0.0320549131950976,179.517070104267
141.5,51.5093445662834,-0.160993029238873,-1.23838179014731,-0.00989192377908441,179.839152933233
142,51.5093389662943,-0.160993133171657,-1.26231203678295,-0.00795617447915689,179.990631320504
142.5,51.5093332984506,-0.160993042580116,-1.26102235244994,0.0163945234791542,180.014967146072
143,51.5093275705183,-0.160993054663154,-1.26099291368869,-0.00448476943400686,180.156256954016
143.5,51.5093220029369,-0.16099310509,-1.25133778930269,-0.0132922495322987,180.443873573898
144,51.5093163705934,-0.160993200372634,-1.22867401044868,-0.00428139966276668,180.63414283097
144.5,51.5093107779949,-0.160993130906037,-1.25822673213735,0.00597252874059023,180.368234779098
145,51.5093051748615,-0.160993018410498,-1.24624786861147,0.0231229597750085,179.735911954079
145.5,51.5092995178976,-0.160992922240767,-1.25163856623668,0.00273521116737172,179.894935986993
146,51.5092938966286,-0.160992829815664,-1.26578391554283,0.0287351408892498,180.309331238275
146.5,51.5092882212199,-0.160992750067062,-1.25437762762827,-0.00688601130879318,179.608899971061
147,51.5092826523144,-0.160992695600971,-1.22916882844952,0.0168338133519756,179.489342020395
147.5,51.509276976824,-0.16099258095569,-1.27360394489643,0.0144273623787486,179.800150377039
148,51.5092713460036,-0.160992411501328,-1.25900745543864,0.0323189949524197,179.955668194214
148.5,51.5092655857765,-0.160992229152588,-1.27491159179686,0.0139426966988052,179.698294434364
149,51.509259929292,-0.160992091221172,-1.26922882813893,0.0199811233410437,179.770996166105
149.5,51.5092546751589,-0.160991953331969,-1.06013859748008,0.0239258060405968,179.875284967468
150,51.5092506157723,-0.160991760824358,-0.80665029648126,0.0255326060286836,179.962579926419
150.5,51.5092476769803,-0.160991667721312,-0.54565435292076,0.000506168631775233,180.359640766183
151,51.5092458725994,-0.160991735305435,-0.299041721552478,-0.0203332502977609,180.728609408434
151.5,51.5092447144751,-0.16099164380839,-0.238368062590724,0.0331998924656726,165.61579650378
152,51.5092437308977,-0.160991040010745,-0.206519997800186,0.126314010086831,151.037026453628
152.5,51.5092429001259,-0.160990015471167,-0.172625694862104,0.148834432801124,136.175450404843
153,51.5092422305643,-0.160988717070387,-0.131628347567998,0.205939577670232,121.620320419536
153.5,51.5092418069728,-0.16098716749184,-0.0748201356406951,0.231239475167329,106.232655899651
154,51.5092416012282,-0.160985414328914,-0.0187932232873656,0.231916850232207,91.1217471031362
154.5,51.5092416888505,-0.160983720750252,0.0399436333577039,0.250985059133053,75.9033536680123
155,51.5092420444069,-0.16098197132641,0.108268470400863,0.226121077773585,60.735908123888
155.5,51.5092426318746,-0.160980586033075,0.153266727950545,0.186571415448404,45.4736588842948
156,51.5092435052358,-0.160979344621276,0.207368723694177,0.139517636230113,30.8015856115377
156.5,51.5092444182843,-0.160978657937241,0.208379193811761,0.0782470524287156,15.9089700298314
157,51.509245441834,-0.160978305853838,0.241770905360374,0.0216312166074452,0.692750196912827
157.5,51.5092470801661,-0.160978265100496,0.460699693216462,-0.00139228004568272,0.622811816720815
158,51.5092497868129,-0.16097827197955,0.702953580312008,-0.0100922149979848,0.512817369439416
158.5,51.5092536900363,-0.160978369101733,0.97100882249861,-0.00987699481786439,0.317440815640497
159,51.5092586200894,-0.160978423464863,1.20363801991459,-0.00155065532238731,0.340900499658003
159.5,51.5092642239082,-0.160978382675185,1.23631462648078,0.0017074190968531,1.1486474364046
160,51.5092697799472,-0.16097846239168,1.25256276399995,-0.0194459582190241,1.4437359029087
160.5,51.5092754760383,-0.160978534957907,1.25684786024767,-0.00226820627718027,1.5563333778291
161,51.5092810824971,-0.160978559134493,1.25933846969194,0.0108023482586755,1.17319090586994
161.5,51.5092867216582,-0.160978390221399,1.24422713537418,0.017875834792255,1.42066283565316
162,51.5092922893316,-0.160978314738879,1.23412730489592,0.0174945529487625,1.59409841046591
162.5,51.50929788102,-0.160978128462467,1.25303558098783,0.0147485362874281,1.27507884198509
163,51.5093035494686,-0.160978189486741,1.25752110574631,-0.0107963514531211,1.07775180458159
163.5,51.5093091894236,-0.160978130631912,1.2431079457107,0.014591962274121,1.29967445398648
164,51.5093148093752,-0.160978133928784,1.26545901429447,-0.00886321490780499,1.48147154413275
164.5,51.509320481007,-0.160978178185439,1.25988923377124,-0.00409704161934382,1.67303703114507
165,51.50932614818,-0.160978157588992,1.25693752348023,-0.00360888431590878,1.73791556222693
165.5,51.5093318273611,-0.160978202490752,1.25869752086469,0.00485745278931542,1.8376437383011
166,51.5093374610303,-0.160978091437327,1.26707850900651,0.0169870086279997,2.2734597973624
166.5,51.5093432069868,-0.160978076324535,1.26335361940926,0.001866997389906,2.08254173485471
167,51.5093488162044,-0.160977954949556,1.24600615110675,0.0222709850090128,2.10668525926741
167.5,51.5093544187588,-0.160977906851665,1.23414632313113,0.00483941753577711,1.67637765841588
168,51.5093600061983,-0.160977775601928,1.25741548869792,0.0126447946397306,1.88884108969813
168.5,51.5093656364801,-0.160977801295696,1.25031363167171,-0.00678122430021083,1.69172967671216
169,51.5093712864919,-0.160977915069986,1.26059255366949,-0.0238643567300563,0.723875420111147
169.5,51.5093769062456,-0.160978076032748,1.24561767419835,-0.0136268984905335,0.488243340223563
170,51.5093825087697,-0.160978118591847,1.23559442982673,-0.0072108511817881,0.273589175967168
170.5,51.5093880579678,-0.160978254943265,1.24797013109161,-0.0119415131406829,0.464494650545436
171,51.5093936856106,-0.160978249190472,1.22928642375787,-0.00131052638052968,0.484359768067961
171.5,51.5093991095493,-0.160978321406565,1.22015706088116,-0.0111612659010904,0.411984220769112
172,51.5094047096002,-0.160978366566586,1.23786779355429,-0.0068411615132283,0.757529476902074
172.5,51.5094102111469,-0.160978404505618,1.23527160445981,-0.000389701045014779,0.835915618090865
173,51.509415824524,-0.160978293171094,1.23213880958072,0.0261968168738598,1.20675817894295
173.5,51.5094213453577,-0.16097820863157,1.24098042520854,0.00588620516803174,1.56586878547635
174,51.5094269678408,-0.160978074090906,1.25494374824966,0.0167129789240727,1.53613966723895
174.5,51.509432639247,-0.160978022075479,1.25976352296988,0.0179551866005142,1.47355827368007
175,51.5094382422636,-0.160977943174544,1.23141636210328,-0.00760798716173308,1.19491307315304
175.5,51.5094438293986,-0.160978037269024,1.25999949403456,-0.0070197399737723,1.52090276982675
176,51.5094495258082,-0.16097792248365,1.26036238884614,0.0274334661797245,1.74368974451745
176.5,51.5094551365006,-0.160977867367955,1.26293324513827,-0.00336537627425506,1.61446216784856
177,51.5094608549623,-0.160977837468694,1.24003463878018,0.0087479752404905,1.26033506628469
177.5,51.5094663598815,-0.160977668392831,1.23747698837944,0.0324803162462963,1.75212034950145
178,51.5094720477396,-0.160977483712602,1.25668505457496,0.0274025253879659,1.84919549641047
178.5,51.509477612084,-0.160977333237371,1.25425322298952,0.0236013522876556,1.56749897162226
179,51.5094832436896,-0.160977097737666,1.23339788775729,0.0336551822823023,1.47298227951783
179.5,51.5094887615682,-0.160976890559465,1.22785414818086,0.0255690420864174,1.45887259708166
180,51.5094943215029,-0.160976786884741,1.23754554721846,0.000741006825170358,1.18862007943611
180.5,51.5094998469266,-0.160976748399674,1.23834280968837,0.0111014544843217,1.13054368775758
181,51.5095054525005,-0.16097669797362,1.22836638710948,0.00594756578179335,0.945434291959384
181.5,51.5095109556847,-0.160976707734329,1.23582807223367,-0.00957458420275679,0.276215507440804
182,51.5095165993234,-0.160976770304843,1.25230289313414,-0.00500256171226562,0.316381150976336
182.5,51.5095221422482,-0.160976828328585,1.24524448017475,-0.00799938711214689,0.30838947871143
183,51.5095278296086,-0.160976787916407,1.2487154602487,0.0148419403728547,0.304416997161795
183.5,51.5095334039665,-0.160976758682332,1.25363116014495,0.00378377172420333,0.288041877179707
184,51.5095390077,-0.160976761162142,1.23403287147938,-0.00231732515783124,0.189788206264553
184.5,51.5095445278831,-0.1609767154448,1.22535203345599,0.00639038177295585,-0.020055576091985
185,51.509550108922,-0.160976779019081,1.25752000757367,-0.0195543171133357,-0.372744850634589
185.5,51.5095557660297,-0.160976978529319,1.25468146634324,-0.041077930122414,0.0460125389622237
186,51.5095613964932,-0.160977247254387,1.25327365818994,-0.0192854113124906,0.364993693256736
186.5,51.5095670129397,-0.16097729779527,1.24678698819463,-0.00522527899634201,0.160841768631107
187,51.5095726050864,-0.160977396238642,1.2240793657984,-0.0123138117786649,-0.346182882039303
187.5,51.5095781504343,-0.160977439448293,1.26690022189572,-0.00730247603674653,0.455542684551215
188,51.509583912149,-0.160977464229193,1.26850127063548,0.00123843031118769,0.958497177198515
188.5,51.5095890194985,-0.160977482209631,1.04611113290562,-0.0117092109643931,1.03953704968428
189,51.50959313918,-0.160977559695118,0.803456516690261,-0.00989887141690596,1.2513919885192
189.5,51.5095960205081,-0.160977702385296,0.536386304709433,-0.0275520191173236,1.66385901350169
190,51.5095977697452,-0.160977936886633,0.282703408011929,-0.0392124633105977,2.27460490769953
190.5,51.5095989633045,-0.160977900765733,0.269760106040327,0.0397493936185297,16.7893515671012
191,51.5096000269548,-0.160977341366347,0.227582154335522,0.112406335670428,31.1017066867661
191.5,51.5096009758947,-0.160976263347514,0.179508417689418,0.164372946429183,45.907494052538
192,51.509601647414,-0.160974894675019,0.142111718924619,0.217008013782598,60.7636467954778
192.5,51.5096021785164,-0.160973204107231,0.0976824689633324,0.231669351367339,75.7086985232718
193,51.5096024354203,-0.160971611518693,0.0331693402833958,0.228535154741975,90.1776019237499
193.5,51.5096023710854,-0.160969857132601,-0.0514189563155579,0.230468443411834,105.484005856893
194,51.5096019598266,-0.16096836488451,-0.126260981031724,0.216935552833541,121.086939346565
194.5,51.5096012477394,-0.160966800940318,-0.173792101149584,0.187874259656411,135.791604237958
195,51.5096004271757,-0.160965783288933,-0.197355077441367,0.131531367093971,150.403106306316
195.5,51.5095993775457,-0.160964866969605,-0.249417134806237,0.104203666935779,165.167236176814
196,51.5095982657293,-0.160964510666347,-0.251273266885685,0.0197573936733607,179.984395461043
196.5,51.5095965522704,-0.160964379782205,-0.469701915032614,0.00228001280205695,179.416613738839
197,51.509593816709,-0.160964391180223,-0.710273953460077,-0.00026445932068556,179.092060519798
197.5,51.50958997287,-0.16096442279781,-0.963410809859588,-0.00954888228728515,179.545759421167
198,51.5095849450765,-0.160964474501518,-1.22737438397909,-0.00871839533114814,179.346951312468
198.5,51.5095792851008,-0.160964431543654,-1.26172344715857,0.0173131261507246,179.885361667599
199,51.5095736881247,-0.160964390611131,-1.24110233851144,-0.0166747766078752,180.407954577375
199.5,51.5095680162741,-0.160964599637902,-1.24911851079003,-0.0196332562355683,180.547427414497
200,51.5095625128591,-0.160964498939725,-1.23882742500423,0.00670602966931427,180.444094422664
200.5,51.5095568177054,-0.160964603895191,-1.26631018733187,-0.00364281096198095,180.214173761878
201,51.5095511354403,-0.160964440538397,-1.27234338324628,0.016601404323334,180.348155802247
201.5,51.5095454284135,-0.160964329053657,-1.25890116232311,0.0258094093522592,180.006777687417
202,51.5095397932823,-0.160964153224742,-1.25438492803678,0.0223999350869522,179.456571575859
202.5,51.5095340977103,-0.160963949601811,-1.26294513878018,0.0267077437338531,179.701900353409
203,51.5095284657557,-0.160963824460338,-1.26254913565972,0.00662677741188369,180.024351014253
203.5,51.5095227754079,-0.160963761972405,-1.26352315297424,0.00859413863954991,180.141236329134
204,51.5095170942705,-0.160963632349223,-1.25363822428412,0.0236664864842996,179.951632239964
204.5,51.5095115163816,-0.160963445544122,-1.24412809435533,0.0311383616081201,179.905084694265
205,51.5095058796855,-0.160963200066665,-1.24110693332982,0.0190057735175627,179.539231991301
205.5,51.5095003164608,-0.160963146522639,-1.25153917385381,0.0104929676434362,180.12799831737
206,51.5094946162108,-0.160963059258007,-1.26793533220816,-0.0054568362104819,180.884050831632
206.5,51.5094890350495,-0.160963169734973,-1.23381023564224,-0.0136110637477511,180.881713645716
207,51.5094834339626,-0.160963261781754,-1.23666933958847,-0.020626212215361,180.782739417672
207.5,51.5094778912849,-0.16096345189625,-1.23787372283182,-0.0228259978244406,181.163859265563
208,51.5094723303976,-0.160963480142005,-1.24296956826797,-0.00950895983650128,181.514842008186
208.5,51.5094667132105,-0.160963706271432,-1.2403020031266,-0.0344686467074784,180.691193934703
209,51.5094611766255,-0.160963752881885,-1.24675218204983,-0.00222321946560158,180.037046928208
209.5,51.5094554598652,-0.160963847057915,-1.2625910703184,-0.00688056603525508,180.055585302661
210,51.5094498508844,-0.160963736741139,-1.26201611304379,0.0206059878139551,179.828674229773
210.5,51.5094440894328,-0.160963539211416,-1.25360104926468,0.0361774486845795,179.873411233101
211,51.5094385932037,-0.160963351054677,-1.25373996579774,0.00233829482732449,180.172112070072
211.5,51.5094328012933,-0.160963298976209,-1.26246824161348,0.0328256683981478,180.274030886993
212,51.5094272311567,-0.160963037127225,-1.25432608258766,0.00137398828771045,180.606290016158
212.5,51.5094215557698,-0.160963153041268,-1.2529938431778,-0.00150049712671414,180.892234934502
213,51.509415934301,-0.160963188478217,-1.24751915435508,-0.039301682447223,181.43537751179
213.5,51.5094103814399,-0.160963429230367,-1.23496140807123,-0.0102982144347294,181.264355883509
214,51.5094047172599,-0.160963455106707,-1.25960305082379,0.00113041603848912,180.930294561638
214.5,51.5093991392642,-0.160963342427575,-1.24539321437246,0.0122337132776844,180.76910937362
215,51.5093935367805,-0.160963337285454,-1.22869884841656,0.00538557406969542,181.005461735332
215.5,51.5093880353905,-0.160963299282944,-1.23833675235436,-0.00735701297229623,181.003813582632
216,51.50938241003,-0.160963362722614,-1.24454419173025,-0.0182294073935082,181.0590508153
216.5,51.5093768163616,-0.160963517723625,-1.26145454977667,-0.0132982333145153,181.083872217347
217,51.5093711869596,-0.16096360757572,-1.24173094275895,-0.0236765053471878,180.990623697782
217.5,51.5093655479986,-0.160963685187369,-1.25336814154357,-0.00908591228717343,180.487068201112
218,51.5093599885658,-0.160963681956156,-1.2420991124096,0.00963029463501494,180.151646111089
218.5,51.5093543095501,-0.16096371501573,-1.24415817819244,-0.0175235559076632,180.209744635585
219,51.5093487793428,-0.160963749640167,-1.25959547543824,0.0117833083906542,180.048382540218
219.5,51.5093430375678,-0.160963605327693,-1.26516074631716,0.0101030176097583,180.474154647651
220,51.5093374617532,-0.160963674042484,-1.2388139489117,-0.0127987929929597,180.589628026093
220.5,51.5093317670168,-0.160963617960696,-1.26801707953072,0.0102435707555507,180.491105161777
221,51.5093262023887,-0.160963636638398,-1.23760898088666,-0.0071145261318085,180.847950233901
221.5,51.5093205891221,-0.160963633973331,-1.23844647475254,-0.00802857611140919,180.678183746828
222,51.5093149804171,-0.160963651988844,-1.25003277058209,0.016341653570977,179.989350334093
222.5,51.5093094011291,-0.160963469057927,-1.24813863659596,0.000864126670730145,180.158829578194
223,51.5093037808503,-0.160963608749805,-1.24360574656971,-0.00909557124774499,180.044116852614
223.5,51.509298206448,-0.16096360497695,-1.24132366818514,-0.0155483275928417,180.329532777254
224,51.5092925824024,-0.160963756720608,-1.25912127596578,-0.0159877873773317,180.756259638045
224.5,51.5092869716944,-0.160963806574457,-1.24883477072412,-0.00522279601676044,180.947074377967
225,51.5092812883319,-0.160963821458914,-1.25934173308185,0.00219767329643162,180.578453649621
225.5,51.5092757078243,-0.160963775799386,-1.24454224107948,-0.000429259776105861,180.874220707936
226,51.5092700268394,-0.160963865202043,-1.26231505899757,-0.00545594813401068,180.55741371256
226.5,51.5092644249824,-0.16096380365218,-1.25115077084803,-0.0027974076097607,180.433687322613
227,51.5092587254599,-0.160963927887317,-1.25992123070367,-0.009172233590128,180.379957123584
227.5,51.5092536599552,-0.160963782129681,-1.03988959766265,0.0260696256595425,180.65563340963
228,51.5092495615652,-0.160963649801364,-0.805077425125926,0.0222628414191787,181.063153389144
228.5,51.5092466522959,-0.160963464469787,-0.55880819520868,0.0164287435052519,181.183578407847
229,51.5092447865812,-0.160963432449545,-0.303464631619694,0.000587058252105185,180.883321566509
229.5,51.5092436560588,-0.160963075317388,-0.233412431357079,0.077969837088433,165.783987788258
230,51.5092426252293,-0.16096231609054,-0.22643585815777,0.12605174264154,150.99399929433
230.5,51.5092416769904,-0.160961204411174,-0.206164861397703,0.169343374987784,136.254402293163
231,51.5092409587085,-0.160959746944768,-0.11832126422078,0.222941375267969,121.058670501009
231.5,51.5092405544613,-0.160958032940768,-0.0747970435117018,0.240374692836813,106.296807133609
232,51.5092404073608,-0.160956325565706,-0.010035632639535,0.250820351777012,91.2476613044099
232.5,51.5092405216062,-0.160954411165694,0.0484067961618648,0.264544631220708,75.77608767377
233,51.5092409253444,-0.160952655010123,0.114987782923787,0.227827786565491,60.8005878076328
233.5,51.5092415527354,-0.160951177775616,0.153887263152097,0.194908996823212,45.8989986649557
234,51.5092423628544,-0.160950003975602,0.201813114565919,0.140299608598226,30.6054721241458
234.5,51.5092433512253,-0.160949215901849,0.221428717035983,0.082941906263806,15.289356652373
235,51.5092443704425,-0.160948974370924,0.226963475571705,0.000507285682048626,0.18782779515915
235.5,51.5092459511883,-0.160948970376328,0.458368338240611,0.0025842662447116,0.448728141011926
236,51.5092487064843,-0.160948882003891,0.722236685402231,0.0162185343425671,0.685973968018049
236.5,51.5092525902608,-0.160948806182211,0.970410579387418,0.00466623889134912,1.0130339510465
237,51.5092576571547,-0.160948713281982,1.21687602215642,0.0244574772395737,1.14678429466063
237.5,51.509263215922,-0.160948589077064,1.24044754607118,0.0125801274377504,0.441762699207654
238,51.5092688213027,-0.160948471045529,1.24215063442068,0.0241513039901775,0.596963931062839
238.5,51.5092744258531,-0.160948319830394,1.24407623182787,0.0148682560181537,0.0700176548153339
239,51.5092799998529,-0.160948393698483,1.23437287339575,-0.0318468484604417,-0.261693682374471
239.5,51.5092855945547,-0.160948579004219,1.24363640953931,-0.0231689716047219,-0.610477637886314
240,51.509291157091,-0.160948804652823,1.24268812122687,-0.0237011009164974,-0.862743224312079
240.5,51.5092967931455,-0.160948887286788,1.24931018771896,-0.00692532769435237,-0.502705279511469
241,51.5093023805441,-0.160948932293938,1.23899243274122,-0.00170768010668985,0.327493253129248
241.5,51.509307999054,-0.160948887581501,1.25444942867982,0.000813131457956508,0.285943557093499
242,51.5093135590147,-0.160948876056575,1.22677482142055,0.000817821322301411,0.547607365046913
242.5,51.5093191441988,-0.160948797295452,1.24503988857996,0.0286252726000488,0.668383975594482
243,51.5093247480726,-0.160948649636697,1.25212364091179,0.0136329686780799,0.54718617471699
243.5,51.5093304197679,-0.160948665252678,1.2548622931101,-0.0201979996047739,0.25863755304939
244,51.5093359991291,-0.160948729187441,1.24702501828423,0.0027219215910189,0.0700171877330169
244.5,51.5093416823579,-0.160948709390301,1.23766875894338,0.00361415011634907,0.218765277482242
245,51.5093471723853,-0.160948728246829,1.24676597772893,-0.0046585873150881,0.577526441440161
245.5,51.5093528743034,-0.160948844270705,1.25299116676086,-0.0302001171799513,0.512078914475863
246,51.5093583952037,-0.160948877396977,1.22207256677291,0.0112607742314706,0.617332019869995
246.5,51.5093639536139,-0.160948924482953,1.23183488110292,-0.00240281560400868,0.822176234995974
247,51.5093695067884,-0.160948861315241,1.24582128868196,0.00177199849636051,0.616881897752449
247.5,51.5093751215813,-0.160948860186391,1.22884049115139,0.00557710229737538,0.420499894856739
248,51.5093806308422,-0.160948879048739,1.24195168476246,-0.00679730833832262,0.471267885677754
248.5,51.5093861941502,-0.160948901690814,1.21967724318217,-0.0085099500688581,0.210824152047475
249,51.509391726336,-0.160949031634516,1.24693644861299,-0.012512469433872,-0.150175852089165
249.5,51.5093973465133,-0.160949139703007,1.23421572152124,-0.0258184183318579,-0.426293681793484
250,51.5094028795335,-0.160949337815158,1.24655324079425,-0.027781775661296,-0.949277558301646
250.5,51.5094084727928,-0.160949537062345,1.23003242423067,-0.0286872757932641,-0.800682876053655
251,51.509414060587,-0.1609497971252,1.23603469217612,-0.0357603956081455,-0.949318221250235
251.5,51.5094196319805,-0.16094998222037,1.25210705851189,-0.0281143004709316,-0.421219464769815
252,51.5094252928367,-0.160950211774541,1.25119163968151,-0.0223536750058286,-0.358357441115837
252.5,51.5094308940333,-0.160950305857995,1.25285605355157,-0.00839522205582199,0.0595538352417446
253,51.5094365110809,-0.160950389917258,1.23044546042819,-0.0139104124971565,0.51609480085738
253.5,51.5094420599768,-0.160950393347459,1.23485327264835,0.00457003216031973,0.625457744252076
254,51.5094476928289,-0.160950455355774,1.27311801032165,-0.0175030128852747,0.529766786718818
254.5,51.5094533719699,-0.16095061201179,1.25502737909831,-0.0237120224292844,0.815972318684349
255,51.5094590192418,-0.160950682050854,1.24564402514928,-0.00811914364159121,1.10053240565854
255.5,51.5094646079597,-0.160950772742609,1.25134027002753,-0.0137689586938722,1.03325595949125
256,51.5094703160029,-0.16095084391126,1.25726084862256,-0.004251592757876,0.788993409928356
256.5,51.5094758961997,-0.160950817837698,1.2482364777725,0.0196549658158906,0.398135203457217
257,51.5094815553459,-0.160950738474306,1.25770826489188,0.00373773476788348,0.162620804320957
257.5,51.5094871801917,-0.16095067583739,1.24465203584734,0.0123192855604822,0.567958967076397
258,51.5094927513582,-0.16095065341054,1.23864758867923,-0.0163849314105973,0.667881217236281
258.5,51.5094984047349,-0.160950780637296,1.26169294405052,-0.0089797995881902,0.656664236336717
259,51.5095039958185,-0.160950780669389,1.23951581160085,0.0148843719257043,0.845351531578789
259.5,51.5095096103315,-0.160950614182672,1.24242197446731,0.0110353651780994,1.55106767761522
260,51.5095152297675,-0.160950531891869,1.26258031376802,0.0206657422735291,1.66909756299045
260.5,51.5095208868713,-0.160950377057475,1.24267789422936,0.031373298268325,2.27405557054475
261,51.5095264541763,-0.16094999733705,1.25729856342225,0.0556644898083277,2.48517415123941
261.5,51.5095322136545,-0.160949679856888,1.26500806274551,0.0495512964464116,2.66766158961594
262,51.5095378271014,-0.16094916009108,1.26942668345548,0.0710555520760872,3.04245893950107
262.5,51.5095436327874,-0.160948797982365,1.27094680949484,0.0566988823849134,2.96711545595092
263,51.5095492603456,-0.160948347101969,1.27175692180692,0.063892767341923,2.84572526802273
263.5,51.509555028063,-0.160947949683499,1.24523293999455,0.0384303927038878,2.19184695081231
264,51.5095605019986,-0.160947808376892,1.23565688583704,0.025143839104848,1.18831271466234
264.5,51.5095661614991,-0.160947520078528,1.24504691901471,0.0249976573095917,0.494977646554988
265,51.5095716675375,-0.16094752971448,1.23517882804373,0.00394584962772257,-0.0103649981253905
265.5,51.5095772818198,-0.160947438309123,1.2319617302989,-0.000395167721461809,0.621387296511731
266,51.5095827733119,-0.160947387218478,1.24600564421078,0.0247573203481492,0.791978117175892
266.5,51.5095879604486,-0.160947306782613,1.04547357117903,-0.00235626510945719,1.02948902522828
267,51.5095919773487,-0.160947387187429,0.810181187095611,-0.0257515988156284,0.69045810079858
267.5,51.5095950168389,-0.160947491903679,0.556179400437067,0.00783116038234176,1.24140138655622
268,51.5095967699059,-0.1609474603651,0.303457005173528,-0.0152599107298874,1.75245575445242
268.5,51.5095980815089,-0.160947467369898,0.258537782229947,0.011933647017809,15.8445299670068
269,51.5095990765406,-0.16094697352553,0.223154075029676,0.109019040143151,30.5979982167471
269.5,51.509600058541,-0.160945973753691,0.205424356597255,0.167331312529496,45.2193444052195
270,51.5096007680049,-0.160944524233389,0.137727426810712,0.229635901372741,60.0384839066914
270.5,51.5096012807445,-0.160942844556701,0.0839803259906989,0.226430058877476,74.8278547411571
271,51.5096014668068,-0.160941112076361,0.0182078586770553,0.255783611231427,89.2532796449763
271.5,51.5096013756776,-0.160939273983064,-0.0527063905579306,0.238421663464247,104.3164966617
272,51.5096009020493,-0.160937530016903,-0.138923888016892,0.257337360024619,119.24194976869
272.5,51.5096002199489,-0.160935893539468,-0.168614141047364,0.207939027729946,134.196415950202
273,51.5095992797892,-0.160934612406506,-0.231729742705245,0.1485081395242,149.161592824252
273.5,51.5095982802213,-0.160933934873058,-0.215792279481015,0.0565494528435913,164.633879929549
274,51.5095972388533,-0.160933691906765,-0.246775723757214,0.014966050798633,179.974636805046
274.5,51.50959557275,-0.160933658969317,-0.458451492694642,-0.00117118992349315,180.282877807579
275,51.5095929489137,-0.160933660679746,-0.692775201169658,-0.00393248063733987,179.942342922607
275.5,51.5095890549132,-0.16093375602263,-0.954774452273029,-0.0222245695676522,180.168877395343
276,51.5095841700375,-0.160933901767196,-1.21978442628702,-0.0213285787460543,180.343480143281
276.5,51.509578408873,-0.16093404722727,-1.27769418769212,-0.0113435642145031,179.980806235471
277,51.5095727373457,-0.160933927566917,-1.26988494887471,0.02353025188079,179.159005293626
277.5,51.5095669498398,-0.160933805811194,-1.26868600617745,0.0176740245607018,178.874650117638
278,51.5095613614884,-0.16093365556068,-1.25353663268441,0.0200823108705663,178.887348038824
278.5,51.5095556724036,-0.160933544291463,-1.24282072494071,0.0133950292240136,179.44812823988
279,51.5095501061846,-0.160933461957899,-1.26077477899964,-0.000883538342295459,179.504563133004
279.5,51.5095443830952,-0.160933418477848,-1.27097826765743,0.00767519417518937,179.578872257395
280,51.5095386885015,-0.160933399803386,-1.26963203892042,0.000209878212439205,180.03197408713
280.5,51.5095329994639,-0.160933409808524,-1.25590503955128,0.00199000467926784,179.9305568201
281,51.5095273999654,-0.160933374663313,-1.24328573395729,0.00970128026079348,180.047112456397
281.5,51.5095217936979,-0.160933239136663,-1.24177280414877,0.0125006545546583,180.044530779887
282,51.5095162531626,-0.160933295789529,-1.23379046625273,-0.0102524907976987,180.042514057338
282.5,51.5095106590233,-0.160933291067068,-1.24377046640515,0.00358615116030604,180.38088205723
283,51.5095050764473,-0.160933265245781,-1.24609620890813,-0.00755181333278471,180.161813666951
283.5,51.5094994455197,-0.160933300922572,-1.24687484375446,0.00246501159985138,180.282324245952
284,51.5094938983167,-0.160933196145067,-1.25165143791727,0.0114335741209582,179.676501038822
284.5,51.5094882046254,-0.160933088684272,-1.24769735309634,0.0221778183074823,178.945764605126
285,51.5094826320483,-0.160932785738676,-1.24022410869885,0.0472625769671895,178.351793247796
285.5,51.509477034878,-0.16093244755065,-1.2396979672775,0.0570096930443433,177.995517388303
286,51.5094714772476,-0.16093194405452,-1.24075894274138,0.0656842405972662,178.063024317284
286.5,51.5094658744854,-0.160931617192123,-1.23931144034597,0.036892521716359,178.248306796135
287,51.5094602802933,-0.160931278683247,-1.26088797470931,0.0539785211073862,178.340105434307
287.5,51.5094546155797,-0.160930900156413,-1.25710769219176,0.0384733169144268,178.625540516363
288,51.5094489338316,-0.160930654470597,-1.27544466453544,0.0419716682274043,178.914320291866
288.5,51.5094432014755,-0.160930405096031,-1.2625605203964,0.02075383827606,178.919406582744
289,51.5094375778922,-0.160930146898376,-1.24893057467497,0.0341527191925218,178.744879303454
289.5,51.5094319059153,-0.160930011949978,-1.258743783426,0.0190674826559938,178.996727101954
290,51.5094262883607,-0.160929882717554,-1.2661276835379,-0.00392149042462694,179.405362209285
290.5,51.5094205327348,-0.160930009332298,-1.26829244905791,0.00367210936971958,179.582158978108
291,51.5094148134663,-0.160929816995721,-1.27838335882429,0.0122640978139355,179.796125531883
291.5,51.5094091229252,-0.160929841092137,-1.25761618293891,0.00417587207162704,180.132371253613
292,51.5094034445269,-0.160929815950207,-1.27001128355721,-0.0116018823938959,180.126564188273
292.5,51.5093976922123,-0.160929898983555,-1.27530383101354,-0.0113424680325014,180.529832322139
293,51.5093920156304,-0.16092994155739,-1.26020666120296,-0.00599484005954838,180.453269569196
293.5,51.5093864047111,-0.160930056950596,-1.25096224533046,-0.0238392610821457,180.437441512131
294,51.5093807589718,-0.1609302844073,-1.23662644310741,-0.0388806198220772,180.776072948608
294.5,51.5093751922524,-0.16093050980877,-1.2472088317251,-0.0272299242814775,180.770401030646
295,51.5093696134398,-0.16093074246814,-1.24585409139822,-0.0336922631346761,180.816739696324
295.5,51.5093639980914,-0.160931006442473,-1.23533464374581,-0.0423348704746577,180.929250586439
296,51.5093584632882,-0.160931342742892,-1.24574972282435,-0.0441396383047463,180.992709140192
296.5,51.5093528937485,-0.16093145673669,-1.22443688411654,-0.0133712758539609,180.608176947133
297,51.5093473055224,-0.160931516212312,-1.24660414206893,0.025046691442795,179.823704818485
297.5,51.5093417877898,-0.160931291754384,-1.22307258630446,-0.00291476275800344,180.339487465663
298,51.5093361823178,-0.160931477279305,-1.25942916434917,-0.0137935391253866,180.686732085958
298.5,51.5093305299056,-0.160931500882464,-1.2647936562401,-0.0218833134457941,180.573098558147
299,51.5093248894101,-0.160931710287745,-1.23859660619435,-0.0161229206342397,180.349638787584
299.5,51.5093193301169,-0.160931849643583,-1.23983363568242,-0.0465981188384872,181.006903327834
300,51.5093137444537,-0.160932275668045,-1.23871795283173,-0.0550399415446279,181.55788289722
300.5,51.5093081124507,-0.160932497959805,-1.26576326050857,-0.0165789821293151,180.980303227744
301,51.5093024283615,-0.160932629643078,-1.25609918830423,-0.00528523607267051,180.350313492467
301.5,51.5092968882529,-0.160932688069114,-1.23522381759813,-0.0255584238855006,180.67286770727
302,51.5092912592813,-0.160932861304846,-1.23900090744445,-0.0186548626263467,180.63626778285
302.5,51.5092857478466,-0.160932868303923,-1.23385536274314,0.000813607161463864,180.529545740977
303,51.5092801912453,-0.160932893547505,-1.22775691756776,0.00867031462611431,180.473995041415
303.5,51.5092746539265,-0.160932849944816,-1.2469144531581,-0.0113922899362855,180.702238193807
304,51.5092690672779,-0.160932938032521,-1.22474451040257,-0.00952855390218009,180.960002611546
304.5,51.5092634969446,-0.160932965234799,-1.26533756931036,-0.00114996459004353,180.342351414001
305,51.5092578417792,-0.16093290509154,-1.25461584977635,0.0129185927617909,179.801084841519
305.5,51.509252746422,-0.160932826831072,-1.01179648594244,0.0183792190195734,180.109660673963
306,51.5092488340418,-0.160932605458626,-0.792821459754521,0.0307693899652574,179.995882256859
306.5,51.5092459164789,-0.160932559006188,-0.550078088551999,-0.00907356902491421,180.178022650145
307,51.5092441108558,-0.160932557746365,-0.287937353236625,0.00236836678540763,180.437838981757
307.5,51.5092429627719,-0.160932313242072,-0.254320258652104,0.0590181200625253,165.584598362934
308,51.5092418976381,-0.160931670759578,-0.213698394869267,0.105392340325159,150.909161986035
308.5,51.5092410775063,-0.160930654652884,-0.165360335974859,0.16817200657244,136.012083634945
309,51.5092404428692,-0.16092923578876,-0.123640575185816,0.220214259984298,120.717013397406
309.5,51.5092400048079,-0.160927520896678,-0.0817371266547327,0.243145573201134,105.296851842726
310,51.5092398400028,-0.160925862917239,-0.00962101703376383,0.228708081896179,89.8544890021962
310.5,51.5092399884442,-0.160924107264419,0.065514066458646,0.245868286741927,75.2726303597095
311,51.5092403904221,-0.160922406214738,0.101690309660428,0.243040848669094,61.3544804759358
311.5,51.5092409624063,-0.160920828640168,0.144909197483137,0.196354599205121,46.2141017440472
312,51.5092417975463,-0.160919637421805,0.212075095174945,0.145053046815857,31.0006096899201
312.5,51.5092427632664,-0.160918776924618,0.213440425162189,0.103821451161625,16.447551197556
313,51.5092437302571,-0.160918338307169,0.219229954394882,0.033881227412929,1.95638085415035
313.5,51.5092452722152,-0.160918137281286,0.444653708311303,0.019278969481277,1.18377280388515
314,51.5092479507134,-0.160917980701421,0.70341168520969,0.0298006546005605,0.253348123827678
314.5,51.5092517687272,-0.160917787913498,0.933260737428256,0.0222114578655256,0.154717847058856
315,51.5092566538977,-0.160917596505267,1.19227937741366,0.0196170774857773,0.00632556903647514
315.5,51.5092621005871,-0.160917584364408,1.22828501483775,0.00543559525457311,0.165837808995673
316,51.5092676627673,-0.160917386047125,1.23849168480433,0.0300686082626425,0.575443224034963
316.5,51.5092733104778,-0.160917323716879,1.24740285068217,0.00062033460319507,0.92797044322978
317,51.5092789037065,-0.160917311493314,1.26629195533686,0.00932878180202698,1.15955175986999
317.5,51.5092846138237,-0.160917132317041,1.26287749782875,0.0265682417664634,1.593947419035
318,51.5092903120851,-0.160916991217424,1.25460180662426,0.0168829947968513,1.95930612596465
318.5,51.5092959382615,-0.160916870161497,1.25315914940211,0.00742990958742562,1.2335686712812
319,51.5093015862345,-0.160916951107638,1.25095696136027,-0.00233623340164416,0.543449417305727
319.5,51.5093071924875,-0.160916916822358,1.24758386510665,-0.00376489708811631,0.802755844221923
320,51.5093128461765,-0.160916994439665,1.2555795732755,-0.000634143533087984,0.625408722102881
320.5,51.5093184625604,-0.160916977095539,1.2580804139963,0.000563609615944621,0.106198268491214
321,51.5093241589668,-0.160917032945188,1.25785323320641,-0.0132292094616055,0.0786947423731361
321.5,51.5093297453584,-0.160917164444316,1.23439666525179,-0.0070285284662097,0.432702944629208
322,51.5093353167413,-0.160917087326881,1.22894237482025,0.0028986075965262,1.07740765680042
322.5,51.5093408333573,-0.160917233169352,1.23829633951457,-0.0174253944299613,0.930387302560215
323,51.5093464524182,-0.160917375231573,1.25171623890686,-0.0260931553059354,0.223455893717668
323.5,51.5093520856936,-0.160917570356031,1.25206857402866,-0.024740896218028,-0.0362405414414204
324,51.5093576918133,-0.160917686366673,1.23638642167559,-0.00519452957094276,-0.0342481667348461
324.5,51.5093632556165,-0.160917822179318,1.24716828723017,-0.0195466801057141,-0.104356860370253
325,51.5093689549144,-0.160918022469672,1.27488795170792,-0.0414208167006155,-0.0978576556900046
325.5,51.5093746464242,-0.160918301874556,1.25923422502261,-0.0327551027501557,0.863342861305785
326,51.50938031623,-0.160918340158989,1.25623003326727,0.0176273168569253,1.4680295071486
326.5,51.5093859939234,-0.160918345059556,1.25924764137913,-0.01302931534886,1.13111867807198
327,51.5093916507358,-0.160918453586374,1.27199803642179,-0.012932090944171,1.17937640184796
327.5,51.5093973476905,-0.160918593475299,1.26402237275998,-0.0137498159898908,0.685071228175534
328,51.5094029956488,-0.160918644029942,1.23563633916768,-0.0115852009345747,0.335642875488059
328.5,51.5094085584703,-0.160918795278628,1.23758064717786,-0.0118726742441851,-0.190255875394647
329,51.5094141080378,-0.1609188739653,1.22880015334569,-0.0176885861362383,-0.455100058571093
329.5,51.5094197076821,-0.160919039572781,1.24892590997102,-0.0200799702830244,0.377614427009213
330,51.5094253232841,-0.160919094529417,1.26088785646166,0.00671685863636942,1.17672105487918
330.5,51.5094309896466,-0.160919019698232,1.24581385326688,0.0193297979645152,1.34105772150717
331,51.5094365453738,-0.160918844724143,1.23547956213782,0.0261229247767894,1.34276793321363
331.5,51.509442159574,-0.160918677545097,1.26320265416045,0.0308391865940423,0.842917692327688
332,51.5094477969601,-0.160918526694513,1.23766568852201,0.00530365811809453,0.469212624911987
332.5,51.5094533550832,-0.160918527217367,1.24203480493061,0.0116133678849772,0.201053041032221
333,51.5094590481002,-0.160918514705128,1.2691085522888,-0.0164982875092513,0.242296769864234
333.5,51.5094646718402,-0.160918640097461,1.24291427954391,-0.000974845006605961,0.12707544890089
334,51.5094702957442,-0.160918589128563,1.2413383590724,0.00208568128969863,-0.266627019595019
334.5,51.509475863109,-0.160918709847911,1.25287153660357,-0.0150486281738603,-0.0654546342874616
335,51.5094814922453,-0.160918731052859,1.24143371931632,5.01162559024826e-05,0.101080017692603
335.5,51.5094870800429,-0.160918732247861,1.24791070927383,0.00902306178065426,0.0253668855615493
336,51.5094926963271,-0.160918663050565,1.23914636547156,0.001761510978533,-0.407474335920986
336.5,51.5094982597374,-0.160918614189185,1.24192695604484,0.0214747871380856,0.0914563271408208
337,51.5095038683571,-0.160918528494265,1.25957935282926,0.00152142637185704,0.661714947467603
337.5,51.5095095914578,-0.160918598947675,1.25572646330513,-0.0155259026287914,0.251433523493626
338,51.5095151361993,-0.1609185921475,1.2449045312376,0.0109376469906736,0.174551984863121
338.5,51.5095208068511,-0.16091862955606,1.25254636623781,-0.00870266968692014,0.0876988101745227
339,51.5095263880878,-0.160918602171244,1.2283817442233,0.00914805481157305,-0.00767301357700897
339.5,51.5095319264226,-0.160918541291238,1.2447094962697,-0.00491374099483234,0.0166335660697688
340,51.5095375418535,-0.160918700132224,1.24235474159152,-0.0154039815392143,0.156396441749774
340.5,51.5095431515249,-0.160918746411781,1.25303873232344,0.00157933746100956,0.471585633913248
341,51.5095487603703,-0.160918622215583,1.2464633132289,0.0224473308674239,0.814677898835587
341.5,51.5095543983647,-0.160918561981938,1.26453405654862,0.00461360748750471,0.21387477129566
342,51.5095600984249,-0.160918589929903,1.27330801796986,-0.00792427222559544,-0.216021068499697
342.5,51.509565825154,-0.160918644404223,1.25132502718493,-0.00971634994476799,-0.381847764663113
343,51.5095714060225,-0.160918668982679,1.2464764035378,-0.0018279064823232,-0.669355793015476
343.5,51.5095770077129,-0.16091870840408,1.23274082189586,0.00697789487149944,-0.525807610390655
344,51.5095825637441,-0.160918769837655,1.24084952388062,-0.0391180544554119,-0.882864523048125
344.5,51.5095876110885,-0.16091909661828,1.02732623142338,-0.0284414180887771,-0.3046249742971
345,51.5095915969626,-0.160919131513928,0.783806589361507,-0.00544847660529724,-0.2261990621589
345.5,51.5095944821701,-0.160919229892967,0.547921610604207,-0.00329577011288205,-0.428342035107029
346,51.5095962647788,-0.160919200885057,0.282100736532456,-0.00810885644598701,-0.787051712283956
346.5,51.5095973434413,-0.160919040907218,0.221569095686407,0.0536293131715598,14.3409704828134
347,51.5095982220327,-0.160918376186319,0.190294394649694,0.113731832109714,29.330330771424
347.5,51.5095990503412,-0.160917451037371,0.166715284184607,0.135541649819769,44.0680040995264
348,51.5095996845328,-0.160916224924366,0.133421985405954,0.197556475635559,59.11777061646
348.5,51.5096001554042,-0.160914778054427,0.0764467331536395,0.191881917725865,74.6998007868099
349,51.5096002739783,-0.160913215525261,-0.00202444340101605,0.238333634559134,90.2913797814558
349.5,51.5096001528561,-0.160911577364873,-0.0473955058061749,0.224917102153695,105.165711381921
350,51.5095997952254,-0.160910062025734,-0.0995055287951038,0.196228787465203,120.178926793639
350.5,51.5095992193414,-0.160908768181152,-0.14913608763357,0.165078772995914,135.450149280838
351,51.5095984401308,-0.160907785292343,-0.199346670155075,0.123828512901742,150.68215459643
351.5,51.5095973814838,-0.160907093163952,-0.242260627486554,0.062986153936121,165.366806849802
352,51.509596342533,-0.16090693958116,-0.250030973039788,0.00230582766560045,180.462107307567
352.5,51.5095946143616,-0.160906971669885,-0.467307618695025,-0.0189599413444402,180.585556365922
353,51.5095918985981,-0.160907206566825,-0.715562567631186,-0.0394086969926614,180.438054009792
353.5,51.5095879606707,-0.160907442875249,-0.980403306130449,-0.0359178031874584,180.258034580597
354,51.5095830294606,-0.160907787827938,-1.20185164371375,-0.055022418634095,180.363562338135
354.5,51.5095773847065,-0.160907987735667,-1.2419832015777,0.000490538497933984,180.070991279183
355,51.5095718997487,-0.160907944208808,-1.24081011974552,-0.0088375780113364,179.696126865942
355.5,51.5095661994138,-0.160908036080248,-1.25737707460315,-0.001395565958628,179.841377998768
356,51.5095606291567,-0.160908023563514,-1.24545452500462,-0.00305618509826223,179.974060807267
356.5,51.5095550405743,-0.160908077174561,-1.23309949217587,-0.0141827326796538,179.649529860117
357,51.509549402608,-0.16090812575188,-1.27524544557031,-0.00888066593784735,179.434548105877
357.5,51.5095437045186,-0.160908110580012,-1.26437763828708,0.0165273418911978,179.397903298513
358,51.5095379822968,-0.160907944213303,-1.27044678979183,0.0329332573450567,179.251834565465
358.5,51.5095322994547,-0.160907627926938,-1.26331157981107,0.038100911629279,179.137910857151
359,51.5095266356019,-0.160907468949231,-1.27040136355998,0.0183866354717651,179.242034857241
359.5,51.5095208708346,-0.160907308035005,-1.26797993745673,0.0199987281098291,179.7438588793
360,51.5095152148167,-0.160907234941194,-1.26719922990865,0.00220861737964261,179.998439758076
360.5,51.5095095019566,-0.160907187698792,-1.2629289711589,-0.000734776065937828,179.955081991309
361,51.5095038927706,-0.160907301777539,-1.2572221821883,-0.0139219817301019,179.793355328356
361.5,51.5094981792936,-0.160907289582141,-1.252916888941,-0.0110697803324036,180.15722649906
362,51.5094926019855,-0.160907393942742,-1.26232214916736,-0.00216801018419619,180.174790323843
362.5,51.5094868907931,-0.160907361436861,-1.24555841875708,-0.00142509180996698,179.590735206879
363,51.5094812988458,-0.160907354913446,-1.26603832334588,0.00675480335401317,179.266779749752
363.5,51.509475676199,-0.160907260559311,-1.23808343925956,0.00697388316656519,179.7536831012
364,51.5094700231017,-0.16090729426745,-1.23887842906395,-0.00230988964988596,180.342206156607
364.5,51.5094645591104,-0.160907188027142,-1.24745410148048,0.00706928525057046,180.14425720514
365,51.5094588179314,-0.160907175526176,-1.26235586019827,0.0144084510607111,179.790215772135
365.5,51.5094531940552,-0.160907053575136,-1.25557631902667,0.00365333322043799,180.062456978395
366,51.5094474753262,-0.160907062947047,-1.28935470409917,0.000290428251336315,179.997834185239
366.5,51.5094417534551,-0.16090696400909,-1.25509411746952,0.0157465471796182,179.504648670687
367,51.5094361536355,-0.160906831340095,-1.24147376834527,0.00989151488926737,179.151454314197
367.5,51.5094305683338,-0.16090669408775,-1.25287239601311,0.0399481431164881,178.99720346706
368,51.509424897709,-0.160906464303514,-1.25377523733412,0.0163388880366323,178.801365534931
368.5,51.5094193304795,-0.160906369178011,-1.24647424805152,0.00588704282301614,179.007470087972
369,51.5094136631298,-0.160906410576453,-1.24920886077054,-0.0205646581858496,179.540131459599
369.5,51.5094080848214,-0.160906469239087,-1.25621442565012,0.0152497167836557,179.811415521246
370,51.5094024212864,-0.160906360172446,-1.23897381725725,0.0108345039453202,179.824940733347
370.5,51.5093969020568,-0.160906309341465,-1.2246351098923,0.00609181532571573,180.390697867402
371,51.5093913824711,-0.160906265740363,-1.23754570722946,0.00281269023014705,180.702749430483
371.5,51.5093858257814,-0.160906308227565,-1.23341791041408,-0.0172034828481478,180.831966275579
372,51.5093802659079,-0.160906363152665,-1.24550512659342,0.00150358092575013,180.783466981572
372.5,51.5093746779544,-0.160906376682816,-1.22717085300005,-0.0118565229492544,180.469835147332
373,51.5093691478968,-0.1609063629795,-1.24454214495767,0.00887319819201885,180.120727803844
373.5,51.509363522908,-0.160906229984463,-1.24214219569488,0.029719064907682,179.600037243199
374,51.50935800959,-0.160905993385663,-1.24248434262389,0.0259355155270356,179.09170388853
374.5,51.5093523458486,-0.160905835258934,-1.2514152882365,0.0272416400751023,179.199340571427
375,51.5093467246956,-0.160905575639776,-1.26093156219835,0.0264590195530325,179.262780320066
375.5,51.5093410788118,-0.160905459804718,-1.24621161098089,0.0163654037974656,179.392989941219
376,51.5093354196609,-0.160905258214926,-1.27084082633847,0.0252583817984352,179.457320636408
376.5,51.5093296976313,-0.16090511411899,-1.27092972963942,0.0295114568932571,179.867318048482
377,51.5093241071141,-0.160905026142583,-1.23847654284884,-0.00218609895560048,180.353903023976
377.5,51.5093184455093,-0.160904906451147,-1.24729529356083,0.0108682259541397,179.707231859777
378,51.5093129255204,-0.160904918867611,-1.23599068875299,0.00879503192742366,179.572179479046
378.5,51.5093072312809,-0.160904752832813,-1.26936547551826,0.0201494878890877,179.835360865755
379,51.5093016348092,-0.160904638906095,-1.24725487757267,0.0143600656886303,180.489012344693
379.5,51.5092959617409,-0.16090467586836,-1.26237938975193,-0.0275705169679983,180.455621270257
380,51.5092903060388,-0.160904908482024,-1.25120873026121,-0.0264363540394281,180.865680540515
380.5,51.5092846817319,-0.160905077314816,-1.26840914718894,-0.0300011914940866,181.859477146285
381,51.5092789854753,-0.160905367565493,-1.24854260842566,-0.0357324608027509,182.342309445212
381.5,51.5092734356839,-0.1609054588852,-1.23870547101321,-0.00938823894052015,182.204675609199
382,51.5092678316046,-0.160905593466878,-1.25250853716497,-0.0326719709755699,181.926050854675
382.5,51.5092621382716,-0.160905798089341,-1.25693887187218,-0.0103698131030606,182.003052657436
383,51.5092565828657,-0.160905916845389,-1.25131735293614,-0.0364655163118412,181.984442624417
383.5,51.5092514287246,-0.160906005184368,-1.03588352940953,0.0122021498521202,181.166476691121
384,51.5092474129709,-0.160905856789584,-0.7940253015695,0.0227754904565488,180.465072146624
384.5,51.5092445401195,-0.160905758780473,-0.553494363163699,0.0120542255753758,180.392644936144
385,51.509242654623,-0.160905671316261,-0.300121101755038,0.00391705008943053,180.203542515884
385.5,51.5092415412628,-0.160905452064933,-0.263536312446824,0.0511909225231307,164.057291608421
386,51.5092403578503,-0.160904738352938,-0.223693892417943,0.124239276591557,148.318725428088
386.5,51.5092395493911,-0.160903747675241,-0.183284373243221,0.150861500542767,133.941547239693
387,51.5092388427561,-0.160902399157334,-0.115916972304026,0.212916360389937,119.751906406254
387.5,51.5092385085428,-0.16090073085605,-0.0669450349817796,0.246332328432409,104.901280564636
388,51.5092383229638,-0.160898854095153,-0.0143916564535653,0.275914797174251,89.7314734641726
388.5,51.5092384498023,-0.160896941822757,0.0460085273443596,0.2532419193787,75.0969838464351
389,51.5092387783225,-0.16089518325562,0.095401598064212,0.239199072336099,60.5663920518065
389.5,51.5092394096886,-0.160893734692658,0.16709088065529,0.170361730021522,44.958635757029
390,51.5092402040222,-0.160892657059855,0.18868153645389,0.142060352208308,29.7029174071929
390.5,51.5092412222042,-0.160891824907355,0.236593118183266,0.090924841006742,14.9143315765122
391,51.5092422992939,-0.160891566839863,0.255420713466271,0.00118344825155755,-0.270120324307917
391.5,51.5092439478158,-0.160891502681164,0.452972972807196,0.0175198059378687,0.0533174138559512
392,51.5092467193553,-0.160891315004203,0.715074468286028,0.0365113243544125,-0.0223831141822796
392.5,51.5092505348781,-0.160891126892615,0.960187062059621,0.0192365206463507,-0.270886452386435
393,51.5092555393424,-0.160891058181728,1.20765123250972,-0.00172706627781108,-0.321737684351429
393.5,51.5092611417639,-0.160891073722624,1.24628995836804,-0.000460735018977866,-0.575156357010454
394,51.5092667710676,-0.160891218754384,1.25965207471775,-0.0291608877458395,-0.49620061616191
394.5,51.509272402863,-0.160891508468331,1.25102207231881,-0.0540751413423758,-0.567595904084306
395,51.5092780631713,-0.160891781028466,1.23187000989932,-0.0178784200155433,-0.795397322600816
395.5,51.5092836018671,-0.160891834608094,1.2440687448993,0.00528931936158169,-0.88714193581199
396,51.5092891965687,-0.160891952546812,1.24410995703788,-0.0241720159537417,-1.07696215689844
396.5,51.5092947680429,-0.160892086086436,1.2339968433396,-0.0134383460776446,-1.11372028042653
397,51.5093003929694,-0.160892224164135,1.24641336276861,-0.0328113281125837,-1.4054416678665
397.5,51.5093059483375,-0.160892477114774,1.23227029353833,-0.0282185354888763,-0.951251089645527
398,51.5093115177199,-0.160892613712744,1.24893059107085,-0.0213156981146735,-0.625891751728603
398.5,51.5093171772677,-0.160892789713622,1.25764246581489,-0.0118064796690871,-0.0995302217339729
399,51.5093228854423,-0.160892917495598,1.27525740745216,-0.031293750640038,-0.0358519877471481
399.5,51.5093285822573,-0.160893109075226,1.24876372447237,-0.00889918614679864,0.526559026166595
400,51.5093341552061,-0.16089298762432,1.2382554175582,0.0238424652143853,0.777442586352642
400.5,51.5093397774042,-0.1608929826367,1.25784474805692,-0.00455669587019765,0.379082409995686
401,51.5093453813485,-0.160892901194452,1.22652588408125,0.016820491577613,0.156260672597152
401.5,51.5093509475047,-0.160892841118553,1.25518914620272,0.00307414537425936,-0.24276278526739
402,51.5093565774762,-0.16089297703094,1.25031596864231,-0.0191645603636513,-0.728529650070915
402.5,51.5093622535275,-0.160893068189954,1.242924578573,-0.0336520111369532,-1.38594346693647
403,51.509367793103,-0.160893473515204,1.25352751755696,-0.0451397470063525,-1.87271107704883
403.5,51.5093735205346,-0.160893769964231,1.25462340484985,-0.0543244435822456,-1.5929662974559
404,51.5093790908523,-0.160894177408856,1.24698335913781,-0.0534056983474812,-1.498097013193
404.5,51.5093847883452,-0.160894559180967,1.25357885992546,-0.0369755499543913,-1.37828553177193
405,51.5093902665703,-0.160894636106194,1.215092835831,-0.0051401558866653,-0.822001390130628
405.5,51.5093958555632,-0.160894753170926,1.23827473763913,-0.0173939487432586,-0.523252172911269
406,51.5094013761551,-0.160894765095693,1.23972508745362,0.00704502588440354,0.147369146739724
406.5,51.5094070347218,-0.160894729274415,1.24027448444207,0.00146705828978311,0.209579510198026
407,51.5094125513289,-0.160894781187379,1.23497337639736,-0.00192510863027762,0.349703377158401
407.5,51.5094181188179,-0.160894813996844,1.24662929655496,-0.00670722075629692,0.424784341886987
408,51.5094238344654,-0.160894778319956,1.26888719999272,0.00211540643057759,0.387617211437429
408.5,51.5094294027845,-0.160894776746908,1.24424663314128,0.0164202908582304,0.356261928694222
409,51.5094350761782,-0.160894603620164,1.2275709822709,0.0124879509362171,0.625479519317076
409.5,51.5094405897081,-0.160894559939769,1.25865660561706,0.0220036283234389,0.364944650680798
410,51.5094462995103,-0.160894412662039,1.25657342985249,0.00869746898903857,0.577841767944681
410.5,51.5094518861415,-0.160894311455903,1.23754157552714,0.0214879294002365,0.61403162836635
411,51.5094574937383,-0.160894104690595,1.24821540188616,0.024210319138176,1.42587660764354
411.5,51.5094630673506,-0.160893934878219,1.23230847442047,0.0257182623111774,1.04540056297271
412,51.5094686403986,-0.160893879647689,1.2359781625117,0.0100103391899721,0.812378985248561
412.5,51.5094742322472,-0.160893717164072,1.24545068886473,0.0238141845313723,0.734690693626083
413,51.509479789284,-0.160893526198254,1.22889006181276,0.0302582810624775,0.311189190861455
413.5,51.5094853580324,-0.160893347279564,1.2508770061944,0.00872489968386242,0.0260914349444695
414,51.5094910083514,-0.160893362779599,1.23468315091212,0.00753385413345867,-0.426148250155561
414.5,51.5094964760138,-0.160893323283571,1.23725951400428,-0.0115983163473558,-0.477929430860658
415,51.5095021132292,-0.160893480251043,1.23139334325979,-0.0164579504442783,-0.0484003714638274
415.5,51.5095076214071,-0.160893505374152,1.23625863016996,-0.0106277678920883,-0.282272687079105
416,51.5095132860452,-0.160893708962439,1.26402385588471,-0.0281584177154555,-0.460877804977406
416.5,51.5095188505192,-0.160893754665356,1.22097062840972,0.00901467803016266,-0.454335345370213
417,51.5095243583128,-0.160893848951598,1.23400133889558,-0.0237081858594735,-0.647022801828751
417.5,51.5095299391897,-0.160894045609908,1.23325287680016,-0.0430636649374604,-1.07381483481767
418,51.5095355313213,-0.160894357489537,1.24874051238766,-0.0246364952447628,-1.04680871980384
418.5,51.5095410941606,-0.160894500077307,1.24222107145781,-0.0190810517823261,-0.801850395672685
419,51.5095467247017,-0.160894496077334,1.24078410392178,0.000256084976420698,-0.458044503526396
419.5,51.5095522830106,-0.160894604125298,1.23619047427074,0.00610932332712485,-0.40425789332972
420,51.5095578498367,-0.160894489798165,1.23821182184642,-0.0120896933209921,0.101537531219312
420.5,51.5095634222928,-0.160894570542465,1.23008252798736,0.00964788366878936,0.167096256110247
421,51.5095689976712,-0.160894429442945,1.25402826187763,0.0191455729660965,0.312342316591937
421.5,51.5095745873645,-0.160894328166091,1.23652979812069,0.0208661098515351,0.0953573877864851
422,51.5095801714543,-0.160894273471073,1.24614720214228,-0.000280003526771308,-0.390221036008422
422.5,51.509585278518,-0.160894231796355,1.01792025718715,-0.00405147531183762,-0.283746379505545
423,51.5095891758919,-0.160894358172102,0.787721680218188,-0.0204624958505552,-0.20492002368027
423.5,51.5095921517122,-0.160894479364635,0.542727240570637,-0.0187632225254293,-0.585203199085202
424,51.5095939180948,-0.160894565647676,0.321317113006833,-0.00847141826064497,-1.09476840325806
424.5,51.5095949573776,-0.160894666973859,0.153045043732089,-0.0148337664564864,-0.988147462571488
425,51.5095952493946,-0.160894748774778,0.0189271624580325,-0.0161955708029853,-0.527042669942261
