0,51.5092544612969,-0.161045484932142,38.8258183090948,-0.0160038935912189,0.0472024358320292,0.00942019799653664
0.5,51.5092491367484,-0.16104931964568,37.647001191508,0.120075096117756,-0.0013667484120902,-0.0139417383205253
1,51.5092493094368,-0.161053585346319,36.4049958116375,0.21840335448886,0.0158247137835257,0.0062945013500388
1.5,51.5092536390221,-0.161045801559671,36.6565155382268,0.460846270906654,0.00254729043413393,0.0250483153736334
2,51.5092557508828,-0.161045831718152,36.2458763101604,0.715364080238072,0.0198487109724962,0.0399608621339562
2.5,51.5092597880999,-0.161048297056294,36.3739750592504,0.941449215947474,0.0223405646499471,-0.000144881427096011
3,51.5092632578001,-0.161043118762983,36.5516327668447,1.19436814612343,0.0269724937347887,-0.0184989716322744
3.5,51.5092681622071,-0.161040326970154,36.5946451441851,1.22784560751196,-0.00945517622993509,-0.015362550775998
4,51.5092755869084,-0.161038902367773,36.2637929322664,1.24025989769021,-0.00881119318250701,-0.0435780380468344
4.5,51.5092793655665,-0.161036699592934,35.440286378609,1.25015879855613,-0.00286747386296415,-0.0330254189166677
5,51.5092853448477,-0.161039016171529,35.5474286256358,1.23929342482577,0.000509719642574456,-0.0703581019099905
5.5,51.5092920944736,-0.161038725126687,35.2865914541762,1.25936006353192,-0.0203953270053697,-0.0627746030376027
6,51.5092957135581,-0.161038670666405,34.9647230212577,1.23628400025882,0.0248001750291828,-0.0604910243999367
6.5,51.5093013204627,-0.161036509895699,35.035665758187,1.23689496269584,0.023968119805987,-0.0424218099396865
7,51.5093080609712,-0.161035839754732,35.2900778858457,1.26412148938464,-0.00366996793059233,-0.0245134598715506
7.5,51.5093135314556,-0.16103408217149,35.6643821743783,1.254123085945,0.0100178890936093,-0.0363888489167064
8,51.5093190806217,-0.161032620027239,35.585325852735,1.23844353664124,0.00414491640465268,-0.0223665332713399
8.5,51.5093251385744,-0.161032116184634,35.7290055400226,1.25339224911617,-0.00136696788919707,-0.0394516932076939
9,51.5093303837978,-0.161032679303662,35.623099141987,1.26161605101057,0.014160630409801,-0.0402415152421119
9.5,51.5093357003728,-0.161032864535451,35.4286416708492,1.26699119321041,0.0319163684545901,-0.0224084636909804
10,51.50934163344,-0.16103446021603,35.2351844897494,1.23912211034325,0.035835750077701,-0.0083202983039391
10.5,51.5093475090086,-0.161035180940839,35.3397750358563,1.24476704214539,0.0205003694629704,0.00488980649641257
11,51.5093528212013,-0.161035774166695,35.0838333694264,1.26805946771401,0.00465216103753704,-0.00726758121981097
11.5,51.5093583727204,-0.16103552064943,35.1128347986378,1.25617015360129,0.0287014588648803,0.00653861834389047
12,51.5093638748477,-0.161035589981691,35.1308746195864,1.25826775692397,-0.00216448327312164,0.00176675765992795
12.5,51.5093698738133,-0.161035278203879,35.1807819101959,1.24113032451387,-0.0157888275952309,-0.0044372853289002
13,51.5093754467824,-0.161036109073538,35.2954264928121,1.24031361683133,-0.00190281536909797,-0.0191282487974238
13.5,51.5093812268648,-0.161037339427024,35.5415615055244,1.24297980872499,0.00870646082013331,-0.0192790469299674
14,51.5093867534684,-0.161037367103792,35.4663278695662,1.26537126078105,0.0136425740649853,-0.0131890015206383
14.5,51.5093920802263,-0.161036656367899,35.7165622720495,1.24414745504368,-0.0342276126270281,-0.00290127259933071
15,51.5093975695192,-0.161036736023338,35.7577980351634,1.25249192312835,-0.0311906429012136,0.0300615394707117
15.5,51.5094028984485,-0.161036209419077,35.703578955261,1.2289336615858,-0.0167304552531835,0.00430572846124544
16,51.5094084968016,-0.161037208034673,35.6525471510831,1.21887563110346,-0.00716811044719416,0.00949521971997436
16.5,51.5094140032103,-0.16103619999159,35.6594730550423,1.23602203690349,-0.0093519792117276,0.016885673839636
17,51.5094190702451,-0.161036233092929,35.8336518302094,1.21389050027067,-0.00293028682765174,0.0207011246584983
17.5,51.509424746411,-0.161036001282473,35.8309380714782,1.23171067760719,-0.00422456762950574,-0.0290504446445314
18,51.5094304461386,-0.161034904179536,35.8644730041269,1.24706666860066,0.0029716217724671,-0.0596120550547024
18.5,51.5094360693101,-0.161034380732492,35.8813596712425,1.2321820033844,-0.00787747506874187,-0.018982874928968
19,51.5094414188444,-0.161033512962264,35.8418999223504,1.24234497759304,0.00181375416022306,-0.0148905927224086
19.5,51.5094469862508,-0.161033563290821,35.8603873380926,1.25004103714305,0.0116315321610571,-0.0384678656421893
20,51.5094526467577,-0.161034227610858,35.913732906105,1.25655917579513,0.0114186680036051,-0.05254107265343
20.5,51.5094577296865,-0.161033437066052,35.9154003760777,1.24397827301116,0.00898913495575684,-0.0371278101213711
21,51.5094629624752,-0.161032994506346,35.9147956159431,1.22968640752333,0.0159298170933136,-0.0448405368532333
21.5,51.5094684069645,-0.161031882001595,36.0303360221442,1.23417596199944,0.00953589564804695,-0.05091118932341
22,51.5094743169451,-0.161033268377869,35.9761344445869,1.25415708750394,-0.0175773786878233,-0.00695418463238939
22.5,51.5094801680952,-0.161034363233193,35.8476179272402,1.2422844318228,-0.0165606409019455,0.00871329910519725
23,51.5094862693279,-0.161035474813909,35.8058765588794,1.25370491483869,-0.0211400460787363,-0.0133287928093401
23.5,51.5094917481989,-0.161035471231446,35.8300494973082,1.21472556920939,0.0142731335624132,-0.0386770700122935
24,51.5094970148995,-0.161034927923031,35.8892042622901,1.23422121256429,0.0109714188537027,-0.0245548037777225
24.5,51.5095024629272,-0.161034787135824,35.9966169889085,1.23163669830453,-0.00569060535051344,-0.0391315636536692
25,51.509507956304,-0.161035244078049,36.0198307181709,1.24777124663954,-0.0071706595305463,-0.0467738334587202
25.5,51.5095138363479,-0.161035081259914,36.1161303143017,1.25204140995755,-0.0355448459937601,-0.0413677921406831
26,51.5095192914904,-0.161035440702471,36.0755297723226,1.270696267557,-0.00118816160061231,-0.0358142973335948
26.5,51.5095245807259,-0.161035464457949,36.0473707709461,1.25310743450964,-0.0197625938769538,-0.0122547389144406
27,51.5095299903093,-0.161035777457752,36.0119973686524,1.21638317837291,-0.0118718484079294,0.00128829479590187
27.5,51.5095357883591,-0.161035676397019,35.9984809311572,1.23400405021489,-0.0472909377169049,0.00709789993795717
28,51.509541480027,-0.161036321391802,35.9203259674832,1.24996349279843,-0.0338118683089752,-0.0152152748388287
28.5,51.5095472244506,-0.161037057817995,35.9629889859352,1.24177481702126,-0.0364938210759744,-0.0150713043214817
29,51.5095526486653,-0.161037190223329,35.9688119806815,1.24575760727037,-0.0443245775278349,-0.0254479568329925
29.5,51.5095582475464,-0.161037614567888,35.9657101810444,1.24265560034655,-0.0309573125264934,-0.0325518586004452
30,51.5095641378877,-0.161037711481064,35.9850078846794,1.250833029584,-0.010807615744045,-0.0524381191002422
30.5,51.5095697656434,-0.161037520869697,36.0580059818458,1.25117689859257,-0.0149710846945721,-0.0555685997887497
31,51.509575044992,-0.161037117651069,36.0944938398898,1.25583711719548,-0.0131839411514994,-0.0451740770553849
31.5,51.5095804152344,-0.161037161677041,36.0959423845634,1.23639154797118,-0.00308890654010949,-0.0216124911912129
32,51.5095858936219,-0.161036918299947,36.122079071356,1.23426473234681,-0.0168837388342522,-0.0220150732625966
32.5,51.509590528055,-0.161036055268169,36.1712383497506,1.02964835157817,-0.0280948208515317,0.00549904288239395
33,51.5095944464317,-0.161037034671982,36.1580216514412,0.792878058265261,-0.0248161116862836,0.0273741127368208
33.5,51.5095972129801,-0.16103703793727,36.2086147542577,0.551979955630884,-0.0377305820739079,-0.00277128216825751
34,51.5095990856037,-0.161037334691378,36.212631060509,0.284489373997392,-0.0194613503593854,-0.0150008540357031
34.5,51.5096002259628,-0.161036911853263,36.2345018533524,0.239754382214117,0.0498705645439617,-0.00690725017914506
35,51.5096012349258,-0.161035982480831,36.2614853195846,0.254238807354144,0.11602073565081,-0.0389114429679174
35.5,51.5096022093123,-0.161035058524166,36.2861123385374,0.188217403246435,0.162948937277555,-0.01567053326716
36,51.509602714612,-0.161033553015779,36.3127103196457,0.119736704739372,0.201548408639256,-0.0207413665040467
36.5,51.5096029542685,-0.16103157117451,36.3578949479852,0.0705981970819489,0.219896086109762,-0.015726988637822
37,51.509603075345,-0.161029730470588,36.3666010457091,0.0215453130541231,0.221763715179035,-0.0272251662814341
37.5,51.5096029395861,-0.161028198913365,36.397851344198,-0.0425620575781662,0.236427809576481,-0.00302808320026857
38,51.5096028389627,-0.161026694197884,36.4435126380995,-0.118889542166754,0.230059041282963,0.0111326605684514
38.5,51.5096023201113,-0.161025518416983,36.4371273086872,-0.152883724600212,0.177580576163298,0.0306367671669383
39,51.5096012525841,-0.161024456041267,36.4189930004068,-0.221938037750761,0.135765603705628,0.0362763876485623
39.5,51.5096002550128,-0.161023401693129,36.4943292872049,-0.221784935602883,0.0835257721422662,0.0272504491942971
40,51.5095988762774,-0.161023150673469,36.5143775409088,-0.255323651832277,0.0165371672060943,0.0151596383480117
40.5,51.5095970061068,-0.161023012595282,36.5127794770524,-0.481643998780243,0.0217573663884328,0.023435854073236
41,51.5095941696735,-0.161022723931422,36.4558233972639,-0.719971107160952,-0.0276822700971653,-0.0113637057120806
41.5,51.509590131185,-0.161022576300929,36.4283077965956,-0.975511452919692,-0.00200164788725694,-0.0108696750503592
42,51.509584929894,-0.161022410962448,36.4345934691373,-1.21080567279501,-0.0144645441836779,-0.0163293139348188
42.5,51.5095793787467,-0.161022256290319,36.4562026110943,-1.24161298195143,0.00942351397643199,0.00194846665030979
43,51.5095737461997,-0.161022357204408,36.4748920029961,-1.25836497210298,0.0157413787786425,-0.0483747805424969
43.5,51.509568281207,-0.161022302041223,36.4529413946439,-1.22705479694673,0.00204502881168782,-0.0278819303194423
44,51.5095625108291,-0.161022103871064,36.4881493977737,-1.23918187332565,-0.0200311553553654,-0.0156958624786604
44.5,51.5095571486974,-0.161021930557942,36.5077185735572,-1.23492655592629,-0.00104187851056882,-0.0222039066627548
45,51.5095513476601,-0.161021333050539,36.4830981979612,-1.25525231936355,0.0215058731494567,0.00859590615823191
45.5,51.5095457248622,-0.161021030892008,36.4539074243512,-1.25799275907472,-0.0138593367047357,0.0158388556697805
46,51.509540121068,-0.161021412285128,36.3786943256855,-1.26079453011312,0.0043371290218068,0.0216647511102326
46.5,51.5095346368312,-0.161021705026171,36.3802291285247,-1.21902605350805,-0.0321984639929391,0.0242710407151229
47,51.5095290512842,-0.161022009527602,36.3874679796863,-1.26108050331325,-0.0314289741421105,0.0280740774937188
47.5,51.5095234410485,-0.1610222177344,36.4149864455685,-1.24159949659214,-0.0326165724946122,-0.0316574236969249
48,51.5095178177547,-0.161022678900929,36.3817079511937,-1.25027554203449,-0.0302288122369078,-0.0220595856365506
48.5,51.5095119704075,-0.161022377025069,36.3789791732561,-1.26816984942021,-0.00274247542750182,-0.019759368130188
49,51.5095064660232,-0.161022787425905,36.3516416596249,-1.24233049253955,-0.0246225113465822,-0.0222589879520234
49.5,51.509501024768,-0.161022882667064,36.3640364487655,-1.25839324957954,0.0261931464339355,-0.0546381853258266
50,51.509495486043,-0.161022968614411,36.3773241201416,-1.27409590411149,0.00274342697267387,-0.0333395088131454
50.5,51.5094899469827,-0.161023131732987,36.4277706027497,-1.24911553932642,0.0148015500375958,-0.0364826320646134
51,51.5094842056381,-0.161023390556206,36.4380078508984,-1.28011128481577,0.00335159952352703,-0.0473688692259391
51.5,51.509478502509,-0.161022947457841,36.4670185321011,-1.25416344701153,0.0100310081658234,-0.0258236606110555
52,51.5094730441015,-0.161022828535897,36.4576069207396,-1.24060247510444,0.018348059999626,-0.0299214883064179
52.5,51.5094674705613,-0.161022522824911,36.4235835578293,-1.2411422148337,0.00852085269538346,-0.0295446274240004
53,51.5094619103726,-0.161022459845861,36.4491409435868,-1.23889302170999,-0.00817012851289625,-0.0471267376987758
53.5,51.5094560755252,-0.161022689449933,36.3760538566858,-1.26526903387218,0.00623359401500302,0.0115907105515641
54,51.5094505396412,-0.161022826964288,36.3438617822248,-1.26177410848124,-0.00550064657746862,0.0245659583547357
54.5,51.5094447131861,-0.161022403287822,36.3486024518497,-1.26229513954955,-0.00695135937651751,0.0405694301611738
55,51.5094389666832,-0.161022334854661,36.3679961836897,-1.27202096784614,-0.000785087937330413,0.0291289589643877
55.5,51.5094334018979,-0.161022102705624,36.3883374943398,-1.24365455030284,0.023551268082361,0.0269698384059348
56,51.5094277030055,-0.161022148705171,36.3956276094541,-1.26476796542455,-0.00518587903379609,0.031045745428162
56.5,51.5094221897312,-0.161022013719078,36.3905282733031,-1.24338394826066,0.0150600475381734,0.0421972809397522
57,51.5094166938219,-0.161022012831607,36.3450150028802,-1.2437951015948,0.00648772262256417,0.0319726189223729
57.5,51.5094110058147,-0.161022053067433,36.3078783946112,-1.25090175740626,0.0303527000178991,0.0270331814729592
58,51.5094054757061,-0.161021520019178,36.2928201563191,-1.26141543701032,0.0606731271812261,0.000267904108481098
58.5,51.5093999431409,-0.161021495305823,36.2804147663992,-1.26029871095422,0.0334647484553751,0.0304365596545275
59,51.5093941820581,-0.161021447028622,36.2467466876842,-1.27451391492757,0.0138845328570316,0.0305822222625686
59.5,51.509388563695,-0.161021145831348,36.2656330787577,-1.25582237205023,0.0201596856142979,0.041861021922421
60,51.5093827274534,-0.161020877066811,36.2543390186038,-1.26427579785101,0.0185769682940234,0.0225835706241342
60.5,51.5093771321604,-0.161020759756965,36.2698320650961,-1.25741109666621,-0.00425946763131443,0.00477332968768707
61,51.5093715575924,-0.161021007344441,36.2748009229545,-1.24261960115684,-0.0245482853954115,0.0090954175162693
61.5,51.5093660390266,-0.161021603045896,36.2709924918599,-1.23933727408423,-0.0343604195260851,0.0203740139146168
62,51.5093603187753,-0.16102198296976,36.2288823465351,-1.25503199513564,-0.0289579233420689,-0.0047203072089691
62.5,51.5093546172751,-0.161021807760649,36.2489771533292,-1.26105015497271,-0.00989232787298188,-0.00189242885960117
63,51.5093490326411,-0.161022127608505,36.2419384205714,-1.25010952453216,-0.0319478427068217,0.00260741753231986
63.5,51.5093433727747,-0.161022300601667,36.2716096129734,-1.2767285483716,-0.00959922300213998,-0.0149632722379299
64,51.5093375814593,-0.16102257685574,36.2752453384455,-1.25039253689419,-0.0334798897466759,-0.0267676696257635
64.5,51.5093319878494,-0.161022842366303,36.2835438062903,-1.23824119348017,-0.0197721678589689,-0.0300816936685249
65,51.5093263240618,-0.161022994202812,36.2652208625805,-1.26377014555634,-0.00181854882719518,-0.0265577281598253
65.5,51.509320850115,-0.161023108542431,36.2762508701999,-1.2407972666725,0.0398136882373791,-0.00538174248069823
66,51.5093152051652,-0.161022843208075,36.298064327566,-1.25876234434185,0.0482283303837971,-0.0210407778476559
66.5,51.5093093537217,-0.161022491831958,36.2907078869175,-1.27304906986557,0.0175322297356372,-0.0299326584229054
67,51.5093038223768,-0.161022184072644,36.3269283701666,-1.23091334988187,0.00749338427599144,-0.0327719695865502
67.5,51.5092983755369,-0.161022159189462,36.3002114687115,-1.23229891113014,0.00107432134419378,0.00539419016518905
68,51.5092926905462,-0.16102216516477,36.3108839369379,-1.22506230481343,0.00408017413301731,-0.00951786769785701
68.5,51.5092870721608,-0.161022242913057,36.3509029613342,-1.2289892189074,-0.00132686447263241,-0.0188164875657878
69,51.5092817024304,-0.16102244693244,36.3081860272214,-1.25156742283349,-0.004744988022347,0.0054779691718343
69.5,51.5092761674643,-0.161022444452352,36.3325492374133,-1.25238240416009,-0.00131018786913706,-0.00892744294740655
70,51.5092705376635,-0.161022333547679,36.3076843060553,-1.26141176982934,0.00717776072337871,0.0111848728738528
70.5,51.5092649987943,-0.161022312257813,36.2823771734256,-1.25540360355744,0.00717306726979795,0.0284338619711448
71,51.5092593080229,-0.161022190309107,36.2515956824645,-1.25953673602574,0.00721792514263553,0.0113917883381945
71.5,51.5092543401898,-0.161022246624677,36.27700282773,-1.02263790382753,-0.00474280190407819,-0.00378074016621094
72,51.5092503935795,-0.161022075858663,36.3211779622361,-0.79327428168056,0.0212914531364405,-0.0318679066720811
72.5,51.5092477503104,-0.161021947860529,36.3832017451059,-0.53978867502983,0.0247967495612988,-0.0296237806520686
73,51.5092459999778,-0.161021955620392,36.336383812828,-0.30566962594931,0.0247548769396714,0.0173448965646003
73.5,51.5092448253116,-0.161021378509097,36.3448554640636,-0.224368450201518,0.0745501490052286,-0.0167436515287819
74,51.509243753707,-0.161020422247175,36.3738806708716,-0.216964554460398,0.110196503282001,-0.0131594569106728
74.5,51.5092428512658,-0.161019301218406,36.458936111303,-0.164344289773645,0.148258894747168,-0.0337879302076494
75,51.5092422039139,-0.161017760517016,36.4457630398683,-0.1404534311332,0.234630536082671,-0.0275004295777852
75.5,51.5092418121469,-0.16101585868467,36.4352361974306,-0.0577468910805291,0.246151242686177,0.00731005866383748
76,51.5092418633142,-0.16101410662244,36.4188929137308,0.00746357778714507,0.263192233544753,0.0231790493807986
76.5,51.5092420165111,-0.161012541887319,36.4256875580177,0.0541988807987653,0.240394358813472,0.0221291937415773
77,51.5092425745803,-0.161011004431538,36.4079949797597,0.119655229951415,0.236758323754164,0.0322676755960002
77.5,51.5092432750589,-0.161009516745435,36.3947252496146,0.15262648601487,0.194550810226781,0.0130083224631029
78,51.5092439841922,-0.16100816712955,36.4133900022134,0.202980714083078,0.164579363947369,-0.00585365479126755
78.5,51.5092449782926,-0.161007165739834,36.4176611190196,0.213041507714685,0.0849558382734569,0.000229366946436743
79,51.5092459706762,-0.161006772885273,36.4236013314221,0.223491938459469,0.0153655075218338,-0.00504674519596691
79.5,51.5092477148707,-0.161006579670912,36.3913359947037,0.454835548362704,0.0134242247156754,-0.0243790502632985
80,51.5092503565404,-0.161006758944116,36.397416545311,0.702086563339434,0.00624328479658441,-0.0126229558684674
80.5,51.5092542629668,-0.161006895920309,36.4010395957157,0.959479082584607,0.0176290212802167,-0.0256784717816641
81,51.5092593712904,-0.161007226857089,36.4147979854606,1.19814330193546,-0.0182828558924793,-0.0102764783761811
81.5,51.5092649954662,-0.161007487093459,36.415938508464,1.23574763706229,-0.0224340633767285,-0.0198567019202374
82,51.5092706957403,-0.161007895744822,36.3874188414775,1.25673681580873,-0.0182170445496067,0.0238681178185935
82.5,51.5092761937323,-0.161008056276872,36.3898973849136,1.26755233017993,-0.0204853689864057,0.0113722874236247
83,51.5092818459448,-0.161007887523573,36.3897721243557,1.25775123985521,-0.0052768493043355,0.0119388491700695
83.5,51.5092875516203,-0.161007910141329,36.3485980958212,1.24007283103745,0.00300145491792867,0.0246242777558454
84,51.5092931099681,-0.161008176638959,36.3339256800245,1.26423736494318,-0.0371080957494632,0.018192311837149
84.5,51.5092988174646,-0.161008381833979,36.3437863746658,1.2597687467944,-0.0304091049677397,0.0292236604425445
85,51.5093046035214,-0.161008639517397,36.3463233408984,1.2626150017597,-0.00500381093461557,-0.0242415710746731
85.5,51.5093102302791,-0.161008619443313,36.3585020094179,1.24780479695719,0.0160289968903164,-0.0449756307394217
86,51.5093158681177,-0.161008456190965,36.3760623878334,1.25145958410167,0.0266214486990541,-0.0351773200002736
86.5,51.5093214247612,-0.161008274173266,36.3956375052221,1.23688194155098,0.0155131580902658,-0.0645286025547974
87,51.5093269087044,-0.161008249265866,36.415551465936,1.22221110271105,-0.004190230241589,-0.0585309541726819
87.5,51.5093324796547,-0.1610085025596,36.4482869780622,1.24236776074181,-0.0485648279981641,-0.041579856627376
88,51.5093382214935,-0.161008930275353,36.4728006010409,1.26418932924038,-0.0378638447249688,-0.018748444453132
88.5,51.5093438574909,-0.161009345839413,36.4472291569691,1.24949301388759,-0.0365462609685322,-0.00807160647930105
89,51.5093494858216,-0.16100958710167,36.4201370689552,1.26576090573672,-0.010293997663343,0.0480542031619549
89.5,51.5093551611098,-0.1610094840353,36.3992134719156,1.25693310105912,-0.0220214025329063,0.0761740506802971
90,51.5093608312957,-0.161009396271436,36.3439662493765,1.24483044695566,0.0162650674301146,0.0627444999456939
90.5,51.5093664369567,-0.16100932071666,36.3174886505585,1.2386404336363,-0.0114999481447233,0.0576609146887049
91,51.5093719766632,-0.161009373507956,36.3030404692981,1.26017871742515,-0.000394384820016865,0.0238679869434971
91.5,51.5093775672431,-0.161009381058416,36.2911306677852,1.23646930692643,-0.0287146662977825,0.0385636742370193
92,51.5093833204569,-0.161009445085051,36.2780973871704,1.24311402760611,-0.00516883999057574,0.0205270317346449
92.5,51.5093888764932,-0.161009719662285,36.2738478919491,1.24060986637117,-0.0300509574058237,0.00636395343189367
93,51.5093946236842,-0.161009837282344,36.2775132744573,1.2455777518172,-0.0175001502668764,-0.0165630042830958
93.5,51.5094002476754,-0.161009936907285,36.2829294470139,1.24445125291115,-0.000392313560821434,-0.0267526862132473
94,51.5094058451193,-0.16100965163729,36.3071321481839,1.2721471001849,0.0206948454178124,-0.0152889733588457
94.5,51.5094114630222,-0.161009516733486,36.278788697673,1.24685120927794,0.0102109030656767,0.00140419221153676
95,51.5094170652496,-0.161009156349909,36.2927424435038,1.24964091743972,0.0439162572147073,0.00780607148062484
95.5,51.5094227177463,-0.161009019361484,36.296360717155,1.25846687430543,-0.00318215398525269,0.00497339671358532
96,51.5094283373089,-0.161009023572344,36.3184781798627,1.23278253054376,-0.0121771570398345,-0.010164490839274
96.5,51.5094339237776,-0.161008850693931,36.3317648502998,1.24482907148866,0.0166146608911143,0.00388478991214058
97,51.5094395578067,-0.161008443143474,36.3354067930486,1.23896767571944,0.0262221306378317,0.0181113794163958
97.5,51.509445142112,-0.16100830470843,36.344192996854,1.28412997441127,0.0130195589225408,0.0128739244398148
98,51.5094508708558,-0.161008321025441,36.334226581268,1.26142910197442,0.0193521670850647,-0.00730558468077647
98.5,51.5094564755944,-0.161008112243932,36.3406937778927,1.23387053964042,0.0229328387404302,0.00421865903142338
99,51.5094619340994,-0.161007954561925,36.3572859023698,1.23374553365913,0.0453910338269978,-0.0269575710516794
99.5,51.5094674937901,-0.161007683279996,36.3478676825762,1.23543714616417,0.053060573418938,-0.0225903061243362
100,51.5094730921527,-0.161007653692923,36.3680798069108,1.25191936106682,-0.00306436244860054,-0.0331823728109122
100.5,51.5094786180635,-0.161007507163632,36.3791224251036,1.24429040453081,0.0174244486436439,-0.0158574069312117
101,51.5094842291483,-0.161007588254832,36.3681424283423,1.24507964576333,-0.0190685510905288,0.0124856876931853
101.5,51.5094897806541,-0.161007828121397,36.362003014423,1.22728034989668,0.00418730611570127,0.0118739546048028
102,51.5094954765287,-0.16100805852094,36.3565630991943,1.24218491648263,0.00761876227098953,-0.00788351963822997
102.5,51.5095010695457,-0.161008205409792,36.3789758938365,1.26533875959613,-0.0106697605699955,0.00183726582043975
103,51.5095065716208,-0.161007925392323,36.4296358295251,1.24539533653991,0.033911197791378,-0.0477143747293409
103.5,51.509512263667,-0.161008159111376,36.4238925871905,1.2679570882393,-0.012441313994023,-0.017905737319667
104,51.5095178696742,-0.161008230311607,36.4258821632247,1.2662831316502,-0.0278645288037092,-0.00944594413949607
104.5,51.5095234142456,-0.161008281955732,36.4163032569923,1.22826295394746,-0.0299537501348338,0.0158063549420999
105,51.5095288535032,-0.161008290327576,36.4178878145758,1.25213185502765,-0.0294093155440325,0.000807572571391413
105.5,51.5095345581602,-0.161008690566773,36.4069498102181,1.26888413240691,-0.0311112231968741,0.001681977517758
106,51.5095402384523,-0.161008549682553,36.4193243423942,1.26538711554971,-0.00981173392003866,-0.0243132064331586
106.5,51.5095458608941,-0.161008524452347,36.4374655273277,1.24489515386677,-0.00651067539170326,0.00636220429448453
107,51.5095515087057,-0.161008249148463,36.4611057788134,1.23763021112543,-0.000737832210791915,-0.00523260542527526
107.5,51.5095570418486,-0.161008248444262,36.4860162294935,1.26217514975923,0.00904698019846667,-0.0240145000549895
108,51.5095627449325,-0.161008100525145,36.5131478309631,1.26640302123355,0.0055806872905953,-0.0174199307105785
108.5,51.5095684940826,-0.161008071350965,36.5482254789677,1.27850745024388,-0.00926424938466865,0.00279259542153898
109,51.5095742685792,-0.161008425309382,36.5427344059572,1.27022581978147,-0.0154622527584843,-0.0189599349387779
109.5,51.5095799143418,-0.161008453043202,36.5599476369098,1.25876738211354,-0.00979576447181669,-0.0388827228277586
110,51.5095856157514,-0.161008666322042,36.5671414346434,1.27470540510543,-0.036478470199491,-0.0221679287282355
110.5,51.5095906542277,-0.161008801760163,36.5737953947391,1.06403457452934,-0.0349079937687229,-0.0278328322657746
111,51.5095947139472,-0.161009047949262,36.5937225485686,0.813673427523391,-0.0284976337823646,-0.00959722654322337
111.5,51.5095974454206,-0.16100913065837,36.626503037056,0.548095510348436,-0.0189486945252345,-0.0176431286448397
112,51.5095991860382,-0.161009237487805,36.6240385090932,0.292070663292784,-0.0252874114932254,0.0079513692014552
112.5,51.5096003834893,-0.161009074400717,36.6162720813882,0.230827838679565,0.0446304048143778,0.0160273559945278
113,51.5096013669232,-0.161008345313222,36.6285591886844,0.225947602522119,0.131421660324083,0.00128942228146808
113.5,51.5096020743448,-0.161006832340827,36.6279486424755,0.142887137714149,0.18671140694951,-0.0367310145019361
114,51.5096026825175,-0.161005445864644,36.6160486692097,0.133356905228901,0.188331724011277,0.00583217621942167
114.5,51.5096030935394,-0.161003912798944,36.6398264658637,0.0656710028213321,0.236114419674206,-0.0512555505128027
115,51.5096031452267,-0.161002122126825,36.6707801676821,-0.00374275549260685,0.251162720569271,-0.043287069210938
115.5,51.5096029979873,-0.161000580007641,36.6620980545413,-0.0552760855781349,0.225835956025625,-0.0292648637307914
116,51.5096025314866,-0.160998968454619,36.6595833592582,-0.1127397989913,0.209083390857659,-0.0192964923155041
116.5,51.5096019045687,-0.160997509166057,36.6643454651348,-0.158801021989184,0.196368942681508,-0.0191942461262692
117,51.5096010799726,-0.160996439293313,36.6706115608104,-0.205871744599562,0.13410243082948,-0.0150372590858028
117.5,51.5096001218648,-0.160995907533654,36.6600614571944,-0.251801756061524,0.0771041491178485,-0.00137072935180338
118,51.509599053209,-0.160995638256779,36.6982849813066,-0.247335549380557,0.026752092363545,-0.0168704425724785
118.5,51.5095971994472,-0.160995559368312,36.6921486505307,-0.461057281069741,0.00325231581425089,-0.0156793968911143
119,51.5095942752466,-0.160995418352173,36.7192897333298,-0.72369030996408,0.00431253696881536,-0.0237084228612625
119.5,51.5095903327134,-0.160995321949303,36.7222757274285,-0.959420952898234,0.0327732530266122,-0.0175438663533439
120,51.5095853854552,-0.160995140960995,36.6947697037831,-1.18516373905759,0.00953049124359071,-0.0030074615253568
120.5,51.5095798615916,-0.160995060386073,36.6987009544391,-1.24366107791654,0.000226233852245246,-0.0311453018492687
121,51.5095741874999,-0.160995205273549,36.7008227759507,-1.25743851884542,-0.0110139301479949,-0.0131773302575852
121.5,51.50956854749,-0.160994982209061,36.6964541734196,-1.26049856433145,0.0304237202538811,0.00126285545503946
122,51.5095629577596,-0.160994936511115,36.6792290345766,-1.23958894939934,0.0174045813878169,-0.0123874080443885
122.5,51.5095573268145,-0.160994807367487,36.6760345175862,-1.25082734624935,0.0136889844693083,0.0295424808533321
123,51.5095516914348,-0.160994823224061,36.6643358240835,-1.2544179786406,-0.0282761186123952,0.0207211573002559
123.5,51.5095461432773,-0.16099509593859,36.6718724453822,-1.24037309369119,-0.0186774275901784,-0.0179193887443344
124,51.5095405611949,-0.160995381535659,36.6863023263868,-1.25884755753333,-0.0214744223933827,-0.036356637976686
124.5,51.5095349682902,-0.16099564129163,36.7064925176091,-1.25558177350512,-0.0310527874596609,-0.0162645980852734
125,51.5095293410856,-0.16099589792762,36.6983461654745,-1.24766938984143,-0.0479992816957949,-0.00210473744963602
125.5,51.5095236896505,-0.160995943675626,36.7015764492098,-1.2513544824614,-0.0193443220426473,-0.00567430521092471
126,51.5095180466796,-0.16099597187,36.6968910170253,-1.25034176334246,0.000543194726220562,-0.0112748783886494
126.5,51.509512313175,-0.160995856899218,36.7133200925309,-1.26630343048163,0.0267700171147161,-0.0239524498851508
127,51.5095067159885,-0.160995790993636,36.6977514952887,-1.23369106849869,0.00761992311042738,-0.000583676549139378
127.5,51.5095011662123,-0.160995789187639,36.70078060776,-1.2166163181398,0.0185357655308097,0.00295905415118014
128,51.5094957261984,-0.160995752793332,36.6997482897714,-1.23157387965183,-0.00412781021623061,0.0128906956726142
128.5,51.5094902190893,-0.16099560003297,36.6799389461521,-1.23908832176658,0.0272157304525,0.0089843237826972
129,51.5094845460097,-0.160995432288943,36.6655772270169,-1.25461197301811,0.00892859517963704,-0.00193987548416374
129.5,51.5094789506142,-0.160995451015072,36.6805411495734,-1.2312145093737,-0.0128116494394847,-0.0198398702240539
130,51.5094733472133,-0.160995416072138,36.6889149025083,-1.26254492635435,-0.0165265910092893,-0.0297253638822577
130.5,51.5094676732226,-0.160995418843374,36.6819138799328,-1.27070770766304,-0.0105319869793835,-0.00735828204969524
131,51.5094620211804,-0.16099551176722,36.6968185573351,-1.26091376790329,-0.015284144334177,0.00961453066733065
131.5,51.5094564157606,-0.160995753408126,36.6869372781366,-1.24596121350711,-0.0170673419039208,0.0243092910400167
132,51.5094507701266,-0.160995695596618,36.7117469853256,-1.26369269368107,-0.00972352655182733,-0.00721529600309068
132.5,51.5094450663749,-0.160995656315309,36.727821913315,-1.24411876292966,0.0201968724673176,0.021712107566492
133,51.5094394337046,-0.160995169042587,36.7093050584663,-1.2536500430246,0.0299407001084815,0.0265016205301813
133.5,51.5094337956811,-0.160994933481686,36.7071815605741,-1.24799940928393,0.0466845566228665,-0.0161831976451982
134,51.5094280934201,-0.16099461555213,36.7059294446371,-1.26506296250635,0.0517376087397315,-0.0148621651125446
134.5,51.5094224067744,-0.160994378058468,36.7186303329654,-1.23580305656223,0.0445851646932726,-0.0268257255172517
135,51.5094169424091,-0.160994121957618,36.7414541784674,-1.22131258590795,0.0289584502771637,-0.0193429959953885
135.5,51.5094113955258,-0.16099409001053,36.7519620147068,-1.23817122813994,-0.00294961244468871,-0.0176071783628192
136,51.5094058179477,-0.160994187580724,36.7390705586877,-1.25293354669849,-0.00252523683371061,0.0141394624918532
136.5,51.5094002130418,-0.160994095865352,36.7445436974522,-1.25976681935774,0.0140227189237415,0.00578861946129172
137,51.509394669058,-0.160993890001705,36.7581112261396,-1.25438224845404,0.0215423856529215,0.00221700464199137
137.5,51.5093890434979,-0.160993787552844,36.7350643076934,-1.2456713488209,0.024090658603951,0.0327340661436792
138,51.5093836365068,-0.160993607744819,36.7306581202429,-1.23186728061577,0.0118916418061398,0.0411686287833801
138.5,51.5093780007779,-0.160993347975,36.7464610370807,-1.24894457543803,0.0236897547083948,-0.00321684250316701
139,51.5093724959347,-0.160993239397562,36.7728840541095,-1.24134137047408,0.0284305587664801,-0.0196116532957206
139.5,51.5093668754405,-0.160993026351932,36.7942147960421,-1.23953031278216,0.026344735979907,-0.00548804968855543
140,51.5093612788082,-0.160992782472109,36.7906325464137,-1.26725464294359,0.0276063662664439,0.000300644735291677
140.5,51.5093555976347,-0.16099262014919,36.8042230478022,-1.27387347478193,0.0249721570357183,-0.0184838661867901
141,51.5093499431807,-0.16099248687654,36.8015249061864,-1.24287775095375,0.0319530220792687,-0.0166474522908087
141.5,51.5093443807043,-0.160992488587007,36.7931339810602,-1.2386138804701,-0.0103017634297974,0.00739071641965339
142,51.5093387949086,-0.160992618114111,36.7763044803869,-1.26263269784052,-0.00765593106150188,0.0214286115900688
142.5,51.509333038175,-0.160992424075746,36.7670348172542,-1.26106801612466,0.0161390867898086,0.0182981507647869
143,51.5093273603725,-0.160992525773175,36.7406087780837,-1.26037552727106,-0.00417833702837267,0.0706311118746389
143.5,51.5093217987178,-0.160992751394903,36.709163706284,-1.25213758844267,-0.013396371399635,0.0449730836530917
144,51.5093162007838,-0.160992801350886,36.7172560165636,-1.22797084451161,-0.00400908873031141,0.0231302331191217
144.5,51.5093105904185,-0.160992785387546,36.7316202742513,-1.25832411624457,0.00562058294633732,0.000795640711063861
145,51.509304873484,-0.16099253632541,36.7443579444662,-1.2464879192657,0.0231736067091504,-0.0300517851833269
145.5,51.5092992923329,-0.160992412751594,36.7645155272912,-1.25122148529064,0.00266157210284627,-0.020198038057646
146,51.5092936310325,-0.160992333440781,36.7708746539429,-1.26624463107193,0.0290114567066057,-0.014707059900269
146.5,51.5092880155329,-0.160992264147968,36.8004613840021,-1.25422097992847,-0.00701164221002556,-0.0198313422778588
147,51.5092824240203,-0.160992192267509,36.8136591946241,-1.22921172998001,0.0168414595485387,-0.0260860005943166
147.5,51.5092767261138,-0.160991995704118,36.8053453462198,-1.27327278967586,0.0144398561893055,-0.00761594468318694
148,51.5092710482267,-0.160991787923738,36.8150678251404,-1.25960998239365,0.0324247686312288,-0.0275972643061202
148.5,51.5092653125368,-0.160991716923361,36.8376889405772,-1.27430845300109,0.0137942043450971,-0.0303332141463343
149,51.5092595828189,-0.160991749113618,36.8366331220604,-1.26987589611155,0.0199239188980473,-0.00791492561915108
149.5,51.5092545333557,-0.160991625530322,36.8255632286891,-1.0590726237111,0.0240952319842949,0.0218541642816925
150,51.5092505814188,-0.160991474912372,36.8194943391718,-0.807022490810407,0.0254623409825347,-0.00109983924127866
150.5,51.5092477570256,-0.160991417542996,36.8287577992305,-0.545610859697458,0.000421522125848722,0.0166361904063618
151,51.5092460100259,-0.160991639960322,36.8123932683375,-0.298987406464918,-0.0204393227791908,0.0193113719374234
151.5,51.5092448078185,-0.160991631660694,36.7917975718156,-0.238628562624961,0.0331274767036474,0.0179744515920852
152,51.5092437921354,-0.160990741525935,36.799186159391,-0.206553066861483,0.126527857786705,-0.0086530142003622
152.5,51.5092429366418,-0.160989876727843,36.8091836757958,-0.172706129983804,0.148715383257508,-0.0260570681475791
153,51.5092422810744,-0.160988506526581,36.8124708752148,-0.131603345329323,0.206053669504622,-0.0122086933727606
153.5,51.5092418722817,-0.16098685611417,36.8056654739194,-0.0750033154049176,0.231526158250964,-0.00501853989798214
154,51.5092416915007,-0.160985233196274,36.8178137936629,-0.0186016712539578,0.231370380652137,0.00686426381678232
154.5,51.5092419298946,-0.160983546362177,36.8188443880063,0.0397881084559975,0.251372765563848,-0.00216785145152733
155,51.509242312891,-0.160981810865741,36.8381712415721,0.108340552867411,0.225821045680482,-0.0169613010656263
155.5,51.5092429389758,-0.16098043757409,36.8536294954829,0.153484415828015,0.187077136731229,0.00164914385747829
156,51.5092438338606,-0.160979340366166,36.8612838401459,0.206961511858013,0.138880466515176,-0.00730075020628515
156.5,51.5092447654515,-0.160978573858141,36.8574736288283,0.208637625940661,0.0786364643828864,-0.00801265735680255
157,51.5092458143768,-0.160978224415994,36.859706557123,0.241817672138343,0.0214497146703999,-0.00561098083122967
157.5,51.5092475404518,-0.160978197008333,36.8773829604033,0.461026095422577,-0.00127326086163416,-0.0442437410034451
158,51.5092503198932,-0.160978268461373,36.8795933097135,0.703047507051741,-0.0103546485741898,-0.002818584324843
158.5,51.5092542527957,-0.160978615237224,36.8908656185959,0.970688299311421,-0.0097257460606957,-0.000688441096515391
159,51.5092593383002,-0.160978731227369,36.8989084307104,1.20421833334205,-0.0014481625315976,0.0033450653824143
159.5,51.5092647859239,-0.16097858237451,36.8787556362804,1.23522879276948,0.00144463297441087,0.00361197267526914
160,51.5092704043599,-0.160978703802592,36.8805822292343,1.25307376003083,-0.0194450926059212,-0.0102162826473435
160.5,51.509276039698,-0.160978796306353,36.8917167235631,1.25631496784521,-0.00224957862813253,-0.0404057075285273
161,51.5092816971829,-0.160978765402339,36.9340509858448,1.25990625564843,0.0112046157045181,-0.0561269782076197
161.5,51.5092873071208,-0.160978634765583,36.9606338315643,1.24407622898467,0.0174593301309851,-0.0212840433020679
162,51.5092928515632,-0.160978428428614,36.9858128868509,1.23415109781557,0.0178265648661936,-0.0173697618634343
162.5,51.5092984542184,-0.160978359445858,36.9927107514814,1.25313705262646,0.0142622059165509,-0.0128161110503171
163,51.5093041717601,-0.160978397727708,36.9978135090787,1.2573127633378,-0.0104217149807327,-0.00351010248124972
163.5,51.5093096515449,-0.1609784030127,36.9877762491815,1.24286998485202,0.0143845014972722,0.0249846660020943
164,51.5093153145313,-0.160978344991357,36.9878989646677,1.26577675372816,-0.00881695962022309,0.0263550441609204
164.5,51.5093209870412,-0.16097835331306,36.9742973456159,1.25994359936917,-0.00410374464213558,0.0267664156331429
165,51.5093266811166,-0.160978411084638,36.9604359485675,1.25685095729247,-0.00393980549044349,0.0253736882152684
165.5,51.5093323980369,-0.160978515532595,36.9481883265544,1.25847986843099,0.00519779476668549,0.0283991584119047
166,51.5093380397955,-0.160978314944922,36.9667373702396,1.26760778127433,0.0168112232530724,-0.0272308953570624
166.5,51.5093436577791,-0.16097826494014,36.9754160062876,1.2627485244694,0.00213884643123191,-0.0486365882242905
167,51.5093492446282,-0.160978201377502,36.9870632817037,1.24628240850454,0.0221148027220048,-0.0306127223066313
167.5,51.5093548193133,-0.160978199214765,36.9968185289763,1.23382239723925,0.00507388511075176,-0.0305775020458254
168,51.5093604501508,-0.160977979243997,37.014186179731,1.25767111984326,0.0122165587743448,-0.0414149392965087
168.5,51.5093661041814,-0.160978171731943,37.0124915649649,1.250376400362,-0.00657772369970894,-0.0165055671690969
169,51.5093717732919,-0.160978273489335,37.007520964602,1.26059726616221,-0.0239351680127338,-0.0169432515477619
169.5,51.5093773250379,-0.160978311820893,37.0347176669165,1.24571762314238,-0.0134282193262521,-0.0415372048972235
170,51.5093829524001,-0.160978506047976,37.0368958970066,1.23530784612952,-0.00742107308805723,-0.030697986855917
170.5,51.5093885488057,-0.160978506940091,37.0566773579922,1.24839826265778,-0.0115343404229047,-0.0483292296808125
171,51.5093941252915,-0.16097855807507,37.0400977947284,1.22860559355198,-0.00163617929964504,0.00450595775495044
171.5,51.5093997082649,-0.160978692732515,37.0475871947128,1.22101734065862,-0.0110459335014352,0.0095229447482077
172,51.5094051575483,-0.160978704753764,37.0417822564486,1.23717526581392,-0.00697299519854789,-0.00369921181501076
172.5,51.5094107517306,-0.160978827115665,37.0305178475101,1.23589710136875,-0.000310619464754229,0.0187268954765465
173,51.5094163211375,-0.160978740625078,37.0341165915597,1.23144584294692,0.0261594121694193,-0.0106559545207753
173.5,51.5094219532515,-0.160978506830582,37.0314347329549,1.24145693865123,0.00598657384010011,-0.00875249938409028
174,51.5094274664017,-0.160978353316603,37.0415080280509,1.25490052978418,0.0163920065793095,6.10038890556108e-05
174.5,51.5094330975241,-0.160978217753174,37.0534282040317,1.25960751685858,0.0184264323548925,-0.00677010548900203
175,51.5094387464518,-0.160978157053539,37.0599732766859,1.2312898544403,-0.00800113086627896,0.0138056663633982
175.5,51.5094444328543,-0.160978342651173,37.0453983049374,1.26029295017378,-0.00676413626500313,0.0191977052467822
176,51.5094500867317,-0.160978086656432,37.0712647011969,1.26006859547986,0.0272961334859457,-0.0274086500617196
176.5,51.5094557371258,-0.160978046370266,37.0597725694533,1.26362369078189,-0.00329771388392553,-0.00845308519910426
177,51.509461330965,-0.160978037576134,37.050378435757,1.23899227111419,0.00871718671039979,0.00066359361839885
177.5,51.5094668897831,-0.16097775112994,37.0843468867242,1.23816953718845,0.032438910496843,-0.0200374713064314
178,51.5094724909649,-0.160977663992472,37.1067611698527,1.25592890204241,0.0275734984260205,-0.0434937772395531
178.5,51.5094780882905,-0.160977482206201,37.0976186920889,1.25510601055236,0.0237942459338707,-0.0177737342636951
179,51.5094836631895,-0.16097731248849,37.1135484753177,1.2329101521686,0.0334914757779053,-0.0432872208958764
179.5,51.5094892419881,-0.160977303575345,37.1152359470725,1.22800869855105,0.0255499090123645,-0.0212900352122851
180,51.5094948583071,-0.160977284814978,37.1446530404501,1.23742484010684,0.00054820982981788,-0.0404352866442287
180.5,51.509500387407,-0.160977131383064,37.1677768619265,1.23879636085872,0.0111484760238085,-0.0252652344178852
181,51.5095059004175,-0.160977110145906,37.1748741467018,1.22770568436697,0.00597277425411519,0.00218121918074732
181.5,51.5095114131906,-0.16097711387968,37.1500776938628,1.23625877461717,-0.00968590149689199,0.0117594867051041
182,51.509516964521,-0.160977120096204,37.1336797580589,1.25185031685083,-0.00493875164244581,0.017414509030831
182.5,51.5095225973364,-0.160977180021248,37.1157290444244,1.24598473010138,-0.00795989074400518,0.0399480803958222
183,51.5095281994,-0.160977015819637,37.1182363184635,1.2478869384163,0.0148197297185284,0.0126536556010669
183.5,51.5095338859923,-0.160977024818666,37.1123155709356,1.25420681419133,0.00396971364033779,-0.0150722013409705
184,51.5095394286678,-0.160977123102358,37.0971702064853,1.23384412229143,-0.00231401326909421,0.0404631091976309
184.5,51.5095449586546,-0.160976955940482,37.0801727445796,1.22542027660857,0.00620813874047163,0.0412972341804969
185,51.5095505771452,-0.160977142651908,37.0748897010926,1.25767735317549,-0.0195786733126063,0.00729239885793653
185.5,51.5095562007507,-0.160977258884163,37.0341691104695,1.25458254009396,-0.0413084581193963,0.0419859219798806
186,51.5095618813426,-0.160977387754615,37.0168858477846,1.25336558475704,-0.0188659350303649,0.0244444159067573
186.5,51.5095675800141,-0.160977513171625,36.9945595795289,1.24682670729007,-0.00542746940382362,0.0135850071432378
187,51.5095730441407,-0.160977540432983,36.9898492672946,1.2236043069023,-0.0121205646831534,0.010640533075143
187.5,51.5095787244411,-0.160977595100936,36.9899965655059,1.26767962431538,-0.00747117015601029,0.000581047992855077
188,51.5095844190456,-0.16097769033335,36.9651041119359,1.2678759892045,0.00127952475598505,0.0126959956073829
188.5,51.5095894479194,-0.160977631325344,36.9604423930869,1.04620853450299,-0.0119018493616999,0.0477861767574473
189,51.5095934426134,-0.160977693590406,36.9358919844963,0.802854341517667,-0.00990164860852662,0.0250948091642592
189.5,51.50959629656,-0.160977780470501,36.9510886122007,0.536657916785969,-0.0275790295791563,-0.0141863293956732
190,51.5095979667005,-0.160977883140327,36.9725813898258,0.282622800575882,-0.0392966175279409,0.00660187679129082
190.5,51.5095990954667,-0.160977547835679,36.9380507029127,0.270220427422156,0.0398760655054717,0.0332697154612263
191,51.5096001150168,-0.160976784857891,36.9421925202478,0.227979825719742,0.112668179522566,0.00989680543696726
191.5,51.509600951874,-0.160975582893997,36.9430605142843,0.178943769969646,0.164097496214594,-0.00334129842054474
192,51.5096015787251,-0.16097407746407,36.9601325965486,0.142485283568926,0.217308396995654,0.00502195245310876
192.5,51.5096021580629,-0.160972431166134,36.9687599239405,0.0975744022072397,0.231286265317358,-0.0296610533534943
193,51.5096024136638,-0.160970611898664,36.9937475342304,0.0332866964478203,0.229007439870417,-0.0071561424955298
193.5,51.5096023099153,-0.160968826671285,37.0003615787718,-0.0515343392430466,0.229873216021021,0.00468850053993862
194,51.5096018627604,-0.160967195918101,37.000364480773,-0.126458302367599,0.217730969085905,-0.0112159299344779
194.5,51.5096011914718,-0.160965817464636,37.0078729523811,-0.17359946829662,0.187115946627377,-0.0198979756593796
195,51.5096003685817,-0.160964804375438,37.0159005266614,-0.197602080441586,0.1322263385854,-0.0193984840711886
195.5,51.5095992992312,-0.160963861893242,37.043382163858,-0.24916285212284,0.103708601862077,-0.021531338039179
196,51.509598204101,-0.160963499759384,37.052442955086,-0.251428258018115,0.0200585082390105,-0.0127736248712001
196.5,51.5095963870818,-0.160963341278064,37.0389944689814,-0.469648474966479,0.00193262109814605,0.0191862343849033
197,51.5095935447942,-0.160963346516125,37.0556816384196,-0.710421002085837,-8.84278791025088e-05,-0.0242224431896777
197.5,51.5095895909894,-0.160963243772409,37.0603073402308,-0.963632597823115,-0.00953961095682164,-0.000180593685431329
198,51.5095844638162,-0.160963260964224,37.0677591708954,-1.22741943375703,-0.00873278919309941,0.00146358820013148
198.5,51.5095788424963,-0.160963315067267,37.0531843015924,-1.26120796610351,0.0174114784018106,0.0333370706641246
199,51.509573270081,-0.160963241417423,37.0352100522723,-1.24134239611944,-0.0169995924147774,0.0029652939298187
199.5,51.5095676148126,-0.160963421006488,37.0392487030476,-1.24839073921972,-0.0190592760856805,0.0034187817726169
200,51.509562016497,-0.160963396094983,37.0288256348576,-1.23975082190319,0.00591701802813506,0.0184656653282833
200.5,51.5095563762691,-0.160963374252109,37.0061055882834,-1.26577500581769,-0.00284903184644763,0.0120519180082905
201,51.5095506706959,-0.160963409109854,37.0025400402956,-1.27264888166827,0.0159831629206371,0.00413067299117098
201.5,51.5095449877575,-0.160963277044078,36.9817244696897,-1.2586873956986,0.0261831442590401,0.0107319795103489
202,51.5095393044275,-0.160963157409333,36.9819283972029,-1.25454497810894,0.0224322654403542,0.00100807229009103
202.5,51.5095336558332,-0.160962848627623,36.9798353097867,-1.26261485143864,0.0266174863897966,-0.0024659941509545
203,51.5095280730643,-0.160962764450326,36.9714600439183,-1.26303887901714,0.00657458881358143,-0.00269970198586034
203.5,51.5095223648015,-0.160962646159847,37.0011822180822,-1.26341973236397,0.00862047203670716,-0.0328295291616368
204,51.5095167542055,-0.160962533178986,37.0058809928596,-1.2533687941093,0.0237085388038846,-0.014239951337306
204.5,51.5095111443787,-0.16096227270568,37.0237002202775,-1.24449108018814,0.031310772030673,-0.0312221220169686
205,51.5095055885178,-0.16096205197556,37.0489234656561,-1.24057412832067,0.0185995324534925,-0.0730201176967294
205.5,51.5095000061399,-0.160962007601449,37.0674698005896,-1.25201249056558,0.0108732081112812,-0.0233064819824318
206,51.5094942541166,-0.160961922908397,37.0782316699624,-1.26763129810217,-0.00590740415314445,-0.0199577847742149
206.5,51.509488617715,-0.160961955203665,37.0919380881824,-1.23413463084871,-0.0132959882352772,-0.0206348937598888
207,51.5094831107877,-0.160962119217613,37.1009595182259,-1.23619001501226,-0.0207903918137264,-0.0201824841859883
207.5,51.5094776093902,-0.160962373513579,37.1170481580775,-1.23809394719064,-0.0225480802683519,-0.0305568057271248
208,51.5094719847497,-0.160962435798113,37.1317302917596,-1.24316966499812,-0.0099682140205543,-0.0286955117109461
208.5,51.5094664253437,-0.160962673711765,37.1537155846599,-1.2399291369598,-0.034064471080519,-0.0318474971361465
209,51.5094607612353,-0.160962679496607,37.1717699463479,-1.24736727936433,-0.00258415617582373,0.00146480650882896
209.5,51.5094550859506,-0.160962677782369,37.1724003958516,-1.26187266236398,-0.00642514247001412,-0.00749893008047653
210,51.5094494034516,-0.160962615746664,37.1728384206071,-1.26273114907989,0.020389762927296,0.00480500671418493
210.5,51.5094438031613,-0.160962386417384,37.1888908792753,-1.25245096559704,0.0363587850344757,-0.0107341775234381
211,51.5094381829153,-0.160962259101423,37.2017591672484,-1.25523232000142,0.00193947255101451,-0.0227860215526307
211.5,51.5094323926681,-0.160961999223387,37.1972238633316,-1.26109526298836,0.0335220518011162,0.00523513080016402
212,51.5094267402417,-0.160961889671334,37.2023938754573,-1.25523778623991,0.000402750511344595,0.00434326411572283
212.5,51.509421138392,-0.160962003091176,37.2173892802093,-1.25259548263484,-0.000683894225951018,-0.0379160700165565
213,51.5094155890154,-0.160962351085305,37.1985112826806,-1.24750272101709,-0.0401398171935817,0.0102508968034701
213.5,51.5094100282536,-0.16096263394801,37.1884481410962,-1.23521168965471,-0.00972037608719574,0.0132430090382563
214,51.5094043523695,-0.160962615569375,37.167281690985,-1.25912422163117,0.0011828407972324,0.0363827926571021
214.5,51.5093988040864,-0.160962602123595,37.1485227637459,-1.24590264569804,0.0119017298674202,0.0555345575891165
215,51.5093932845283,-0.160962402473949,37.1224304330535,-1.22820157967889,0.00579717458628168,0.0272927333842983
215.5,51.5093877715115,-0.160962447439411,37.0909132480156,-1.23884717725107,-0.00765392739665398,0.032344529526271
216,51.5093822103287,-0.160962366391615,37.0808343444951,-1.24410435762077,-0.0184019631999969,0.018464366648263
216.5,51.5093765514362,-0.160962377722931,37.063030968653,-1.26194566794968,-0.0129354154730063,0.0191568266979325
217,51.5093709201606,-0.160962516119076,37.0621140331496,-1.24162699415996,-0.0239369788999496,-0.000325653474187781
217.5,51.5093653581671,-0.160962557338782,37.0586302857846,-1.25309571063803,-0.00922078729836781,0.00690958874092518
218,51.5093597221017,-0.160962536175837,37.0743642074522,-1.24258402334286,0.00977037066546821,-0.0194035783776716
218.5,51.509354135355,-0.160962574837317,37.0964175190311,-1.24321385376267,-0.0175363938522198,-0.0403865328648161
219,51.5093484872241,-0.160962582570547,37.103250423912,-1.26069765020363,0.0120688225068916,-0.00654080996550621
219.5,51.5093428026171,-0.160962408624651,37.1152280862443,-1.26448685915572,0.00973947301674264,0.00958304999122628
220,51.5093372104524,-0.160962403202853,37.1319655980915,-1.23926322240872,-0.0124289461153604,-0.0254538619479799
220.5,51.509331584363,-0.16096232902831,37.1292120108847,-1.26750775830299,0.00999024605485425,-0.000608212536229114
221,51.5093259632567,-0.160962436179552,37.1380028773565,-1.23819682159516,-0.00691665763792736,-0.0225788828261324
221.5,51.5093203667772,-0.160962560179388,37.1309965713881,-1.23795229572257,-0.00834192132070033,-0.0118346029163311
222,51.5093147775682,-0.160962499613416,37.1191056920215,-1.24992317691821,0.0168288487856644,-0.0128635782757542
222.5,51.509309165952,-0.160962432817595,37.1150168739259,-1.24851457099006,6.90138003871647e-05,0.00726209185470184
223,51.5093036390551,-0.160962566625045,37.0875446542632,-1.24337830732965,-0.008350688893389,0.0308688435803366
223.5,51.5092980651231,-0.16096268053873,37.0701961878221,-1.24142709579286,-0.0161258225883109,0.0234305812426931
224,51.5092924822962,-0.160962830831419,37.066675292328,-1.25914891185023,-0.0156821130740711,-0.00290828011308775
224.5,51.5092869064481,-0.160962914528166,37.0693125806283,-1.24905968038013,-0.00529726130093767,0.0213467311463988
225,51.5092812450571,-0.160962881865679,37.0780203440227,-1.25889209280788,0.00231250273417431,0.00163851188890751
225.5,51.5092756813038,-0.160962924390193,37.0991713744588,-1.24496595867018,-0.000645903182189572,0.00809343343350333
226,51.5092700728026,-0.160963037004471,37.0902791894041,-1.26188075887671,-0.00497829822889368,0.0238325096595485
226.5,51.5092644174586,-0.160963058091113,37.0699339373969,-1.25158967661741,-0.00333971025498235,0.0184070776134488
227,51.5092587859914,-0.160963111798951,37.0546155872289,-1.25935254341301,-0.0086161117906801,0.0166592837111187
227.5,51.5092537367757,-0.160963081689868,37.0376992267556,-1.04004082019292,0.0257022230024126,0.00562476196361428
228,51.5092498021778,-0.160963019679429,37.0129642179236,-0.804573034759009,0.0225594780085039,0.0338820409632558
228.5,51.5092469539777,-0.160963062596575,37.0258032090496,-0.559387480447694,0.0161270620170568,-0.00208609817747352
229,51.509245193558,-0.160963128297382,37.0160311260261,-0.303116457945532,0.000731694183854749,0.0191350928305682
229.5,51.5092440256793,-0.160962763829495,37.004366970621,-0.23388321244647,0.0778243151166786,0.0241387335342803
230,51.5092429350038,-0.160961987988407,37.0038808023091,-0.226403557439804,0.126111237355764,0.0318373381531178
230.5,51.5092419557255,-0.160960827215956,36.9905650292058,-0.206304913981358,0.169232124578846,0.017726945448156
231,51.5092413265853,-0.160959362848996,37.0018679313362,-0.118034121921717,0.222893911412083,0.00587845126189541
231.5,51.5092409668014,-0.160957653503751,37.007815516321,-0.0748886957086914,0.240171082970087,-0.0175372302488597
232,51.5092408772504,-0.160955865243899,37.0245330699254,-0.0101784839252318,0.251295099618158,-0.0373362843505753
232.5,51.5092409854372,-0.160953928754382,37.0492968684994,0.0484000006780329,0.264246700969772,-0.0545652687428213
233,51.5092414192539,-0.160952126891063,37.0704378525261,0.114927810820152,0.227817545246221,-0.0257338571325223
233.5,51.5092421248795,-0.160950715484947,37.0717583640944,0.153860109920824,0.195095479296591,-0.0189166099476436
234,51.5092430601138,-0.160949652611813,37.0818805480376,0.20196606985714,0.140311675255087,-0.000291898421402384
234.5,51.5092440783075,-0.160949033356234,37.0713765290566,0.22118788904269,0.0828175502569106,-0.0223768638737907
235,51.5092450966697,-0.160948823005213,37.0541411165614,0.226933846203066,0.000559758798004443,0.0345681255956101
235.5,51.5092467486285,-0.160948879936252,37.0511165664066,0.458981578405758,0.00264534859745727,-0.00183568086808125
236,51.5092496564445,-0.160948965414592,37.0647802802268,0.722351644772416,0.0161346356878884,-0.00707533221874634
236.5,51.5092536488484,-0.160949064475171,37.063973373035,0.970703106085011,0.00459815671473424,0.000927477142133482
237,51.5092587526044,-0.160948913091184,37.0719779552892,1.21641121895249,0.0246063773359368,-0.00459057183391964
237.5,51.5092643505405,-0.160948884927022,37.0963992725592,1.24026559316144,0.0125725923357531,-0.0310425770952161
238,51.5092699014983,-0.160948738969578,37.1027216587681,1.24197919132011,0.0242765973175531,-0.0345726405051039
238.5,51.5092755339292,-0.16094868776855,37.0992440083064,1.2440029842198,0.0147366604116974,-0.0169224574899695
239,51.5092811205812,-0.160948887000567,37.1094536117744,1.23438990257473,-0.0319884175953487,-0.00587991168876734
239.5,51.509286666584,-0.160949065757699,37.0895209272858,1.24349958744633,-0.0232466614074604,0.015109716790345
240,51.5092922345091,-0.160949123161577,37.0845290992875,1.24304418086253,-0.0233494924248658,0.026409022628563
240.5,51.509297822668,-0.160949082594797,37.0624842180405,1.24905381637759,-0.00704883145696958,0.0438350811512455
241,51.5093033289508,-0.160948978647797,37.0306443602312,1.23908191903007,-0.00159735920291656,0.0321482994926874
241.5,51.5093089898782,-0.160948929524436,37.0042763187084,1.25444481023896,0.000506404649059869,0.0362052736896624
242,51.5093145787153,-0.160948945056743,36.9879825906828,1.22692025973508,0.000776502793963133,0.0459148392226461
242.5,51.5093202032195,-0.160948750717402,36.978674286278,1.24489305962486,0.0289230850346735,0.0253597379224495
243,51.5093258693026,-0.160948680397832,36.9836169055197,1.25233889901305,0.0135981347284854,0.00121936021167868
243.5,51.5093314717318,-0.1609488127828,36.9782066089101,1.25457130739875,-0.0204008561642325,0.00431394783708505
244,51.509337076387,-0.160948860607553,36.9862161679193,1.24754325145464,0.00281607090941267,0.00350787058510482
244.5,51.5093426459573,-0.160948906969495,36.9843083254527,1.23667033151339,0.0036255732110613,0.0250024579604999
245,51.5093482482564,-0.160948942443022,36.9785771791358,1.24788197126084,-0.00460713264671847,0.0406186803132962
245.5,51.5093539184765,-0.160948975071991,36.9724968122318,1.25222514219208,-0.0303770527792074,0.0152582194639722
246,51.5093594374562,-0.160948893915679,36.9781924933195,1.22247202314324,0.0112024771178209,-0.000768552919897636
246.5,51.5093649747627,-0.160948971610099,36.9688376272097,1.23150724591144,-0.00194420059000405,0.0168541771318437
247,51.5093705487871,-0.16094891687143,36.9687333519105,1.24612980610528,0.00135641863808401,-0.00437399009301365
247.5,51.5093760476632,-0.16094878334069,36.9783942233771,1.22828939890257,0.00576401301136046,0.00369154417670159
248,51.5093815907579,-0.160948912991291,36.9812490316108,1.24254819779484,-0.00675601525601413,0.00608196960736529
248.5,51.509387131681,-0.160949044922762,36.9823680107947,1.2193387493711,-0.00873907709220914,-0.000656294525793633
249,51.5093927306802,-0.160949102332053,36.9780263856519,1.2472564169193,-0.0121773970160977,-0.0108095860548481
249.5,51.5093982839026,-0.160949233104876,36.9922816902399,1.23378031308087,-0.0260763085901612,-0.0302600105165706
250,51.5094039008773,-0.16094938459354,37.0287536031101,1.24713848127285,-0.0277593341040946,-0.0523546152013936
250.5,51.5094094448949,-0.160949709002968,37.0314011175651,1.22975982211167,-0.0287284595470457,-0.00399644095541518
251,51.5094150283083,-0.160949873316663,37.0412797539029,1.23566446984081,-0.0356108087266982,-0.0277117846550893
251.5,51.5094206308449,-0.160950247977757,37.0124835248571,1.25247627868097,-0.0283935324030331,-0.0015110058351735
252,51.5094262953911,-0.160950476783646,37.0020401419606,1.25090749495303,-0.022031947476796,0.00520644432006157
252.5,51.5094319472523,-0.160950485123082,36.9895099350251,1.25323299796488,-0.00845722955264985,0.0210875724600473
253,51.5094375249772,-0.160950505161899,36.9840815465432,1.23006093561067,-0.0139159467562449,0.0188468681731
253.5,51.5094430376803,-0.160950489118761,36.9928710341919,1.23486846474756,0.00444297669238712,-0.0111857811424269
254,51.5094487394431,-0.160950643323993,36.9602041952312,1.27340672884919,-0.0175052766429332,0.0409775487016544
254.5,51.5094543478307,-0.160950696221215,36.9472407498397,1.25506397018193,-0.0236889637392928,0.0373907286252769
255,51.5094599250995,-0.160950945376274,36.9279236609582,1.24539586834603,-0.00836290512540509,0.0302550151019652
255.5,51.5094655512783,-0.160951046953311,36.9316562148742,1.25168754825932,-0.0137313806522998,0.0111078726253926
256,51.5094710899235,-0.160950956287538,36.9262584876269,1.25661167971833,-0.00417754383005936,-0.0047902456251282
256.5,51.5094767050591,-0.160950811605013,36.9364608738106,1.24880000371215,0.0199480577377894,-0.0120786095829518
257,51.5094823758422,-0.160950775744216,36.9250770711806,1.25753011249727,0.00370105333587402,0.0179387268368534
257.5,51.5094879360558,-0.160950754523117,36.9249827247113,1.24464966469977,0.0123186685771834,-0.0112469997835515
258,51.509493548929,-0.160950935900563,36.898975755088,1.23879288536391,-0.0167653078988638,0.0254460434661699
258.5,51.5094991795464,-0.160951002960411,36.9053401744459,1.26149515163635,-0.00872690780607907,0.00324243255004963
259,51.5095047348853,-0.160950923448672,36.9021661821753,1.23980171427565,0.0151149909129505,0.00919709091944065
259.5,51.5095102780773,-0.160950916954903,36.8934028747026,1.24210347192552,0.0105205594307515,-0.00231201808905968
260,51.5095159432784,-0.160950809164072,36.8992919216398,1.26283171953546,0.020898117226609,-0.00264386986436871
260.5,51.5095215612032,-0.160950544637001,36.9004739683587,1.2423681104829,0.0316214380798457,-0.0173487191658791
261,51.5095272343982,-0.160950250757393,36.8920626959298,1.25796306689153,0.0553150517218953,-0.0116967256509344
261.5,51.509532860198,-0.160949983378565,36.8943545948714,1.26413675051661,0.0499102594462443,0.0178429520228797
262,51.5095384763503,-0.160949449401267,36.8953668514732,1.27036488148495,0.0705664878311885,0.00179233584825655
262.5,51.5095442478332,-0.160949012796999,36.8962831315584,1.26998755328543,0.0572687199550396,-0.0110053525652127
263,51.509550022353,-0.160948647002156,36.8861484292429,1.27273819251034,0.0637952000774788,0.0110308530417336
263.5,51.509555640612,-0.16094824469346,36.8903074127156,1.24400313141156,0.0381160101171903,-0.00349565303974508
264,51.5095611472043,-0.160947996397054,36.8801093704533,1.2367382606753,0.025652130477231,0.000490880104732194
264.5,51.509566672805,-0.160947721433739,36.8735980570782,1.24423766445525,0.0242774523293313,0.0156349020220063
265,51.5095721933628,-0.160947576835458,36.874179090606,1.23589381558908,0.0046026508078815,-0.00895173747844902
265.5,51.5095777549795,-0.16094759687159,36.8924160592724,1.2312512197579,-0.000939064402611432,-0.0317446401971593
266,51.5095825467168,-0.160947686342625,37.093136359239,1.24673482107038,0.02509928642451,-0.0306770526617934
266.5,51.5095867507471,-0.160947763327482,37.2761159997899,1.04405552408779,-0.00241900690819577,-0.00751994290948521
267,51.509590105075,-0.160948037199105,37.452119988855,0.810647585708438,-0.0259026417813953,-0.0240107991134259
267.5,51.5095922075437,-0.160948192204483,37.6324353234377,0.555249445455896,0.00836373117282179,-0.00292992205077902
268,51.5095931375898,-0.160948348721612,37.8300286873709,0.304065974815899,-0.0155721693479603,-0.000285633538781249
268.5,51.509593558835,-0.160948607504688,38.0023941388354,0.257623433960866,0.0122001635438998,-0.0249731867161897
269,51.5095937824444,-0.160948254170747,38.1702297714073,0.223709337146096,0.109249403516149,0.0105243165597896
269.5,51.509593955163,-0.160947344619866,38.3675296069123,0.20492272361901,0.167788464292158,-0.00849889984819507
270,51.5095938844013,-0.160945982000564,38.5358985997736,0.137872401609727,0.230030574420434,-0.00236298359500073
270.5,51.5095935533376,-0.160944499017062,38.720682467334,0.0833634136683027,0.226470066661997,0.00775631851049723
271,51.5095930364643,-0.160942826573112,38.8815692660864,0.0181720029489819,0.25626297572476,-0.0090627715603188
271.5,51.5095921429055,-0.160941233896972,39.0769549522083,-0.0531078160576064,0.238311556773127,-0.0275287333810524
272,51.5095909584885,-0.160939622365008,39.2609393398743,-0.139067658574839,0.258056350096321,-0.0230527642674795
272.5,51.5095895557993,-0.160938136185113,39.4436236356851,-0.169068638856605,0.208387083672247,-0.0463916151680106
273,51.5095879327714,-0.160937220388857,39.6074354329612,-0.231792432032667,0.148678014411396,-0.0435921080979337
273.5,51.5095862021996,-0.160936963934871,39.799147820333,-0.216039552309151,0.0569670364098484,-0.027212311487055
274,51.5095845005245,-0.160936968536704,39.9808832737617,-0.247120212828934,0.0153202907295091,-0.0607102793022775
274.5,51.5095821577732,-0.160936920231456,40.1307156842668,-0.458708973928439,-0.000660785942874647,-0.0106616304064205
275,51.509578738145,-0.160937181993922,40.3038881781977,-0.693622134251153,-0.00357105309959186,-0.021810374871081
275.5,51.5095741505198,-0.160937382528264,40.4682973541785,-0.954119585868686,-0.0217789782175597,-0.0016285299305594
276,51.5095682722503,-0.160937677135311,40.6708422522061,-1.2212224009739,-0.0208518737778318,-0.028352883657252
276.5,51.5095626821565,-0.160937633562599,40.6573260077275,-1.27647196437611,-0.0105367996478675,-0.000782230680163032
277,51.5095570206842,-0.160937521229112,40.6443751978222,-1.27049371585347,0.0237331117565726,0.0199304669236791
277.5,51.5095514054708,-0.160937353453345,40.64010977,-1.26787332357872,0.0183653922397603,-0.0148244347689545
278,51.5095457328731,-0.160937068519234,40.631899183616,-1.25438679315191,0.0205391032407188,-0.00373722303903223
278.5,51.5095401581434,-0.160936924013266,40.6318905395456,-1.24201150950294,0.0139654433660518,-0.0171496324664087
279,51.5095345391405,-0.160936810128247,40.6219872268848,-1.26155867651688,-0.00065229259732571,-0.00208892639197178
279.5,51.5095289347876,-0.160936750257825,40.6177982154768,-1.27073812066878,0.00811936170493593,0.0162029877614136
280,51.509523207366,-0.160936747623546,40.5966792753898,-1.26986075353865,0.000771953957481026,0.0272142641481524
280.5,51.509517548355,-0.160936724065387,40.5858575620223,-1.25578592235692,0.0026437354769333,0.0036800744612675
281,51.5095119578974,-0.160936602191095,40.5852157892659,-1.24349413650399,0.0103102324129781,-0.0128325986080113
281.5,51.5095064294711,-0.160936609614152,40.5678032587748,-1.24161921659181,0.0126670459495025,0.0290382312466981
282,51.5095009606289,-0.160936706536406,40.5329002717044,-1.23407448769466,-0.00940802032589189,0.0339528562638205
282.5,51.5094955045349,-0.160936683625179,40.482916993089,-1.24360371735754,0.00396797931306478,0.060983572430451
283,51.5094899971441,-0.160936598102977,40.451002495829,-1.24630722858783,-0.0073479289557495,0.034491938665003
283.5,51.509484462926,-0.160936504401752,40.4348027035594,-1.24663914786529,0.00313956249792438,0.0105912254268994
284,51.5094788848659,-0.160936435541407,40.422517697094,-1.2524521001419,0.0116255826108314,0.00646029718528229
284.5,51.5094732778321,-0.160936202639891,40.4145763802808,-1.24693593958457,0.0228305977198776,0.000877135334854229
285,51.5094677080727,-0.160935900103754,40.4097203023266,-1.24045624277142,0.0475361179054464,-0.0123745906881915
285.5,51.5094621667286,-0.160935438588406,40.4016541740857,-1.23951025087559,0.0578161634937629,-0.00570901355869069
286,51.5094566722245,-0.160935047076098,40.391380306799,-1.24100470998576,0.0658269565684482,-0.00150717271569412
286.5,51.509451073821,-0.160934611671667,40.3880600673147,-1.23906683468823,0.0375669410769357,-0.0113730935544087
287,51.5094455110859,-0.160934206593969,40.3542878811713,-1.26130675122487,0.0544925770887543,0.0262464728830912
287.5,51.509439798149,-0.160933853981038,40.3152783056721,-1.25710864082675,0.0386218506156453,0.0268815555522467
288,51.5094341584914,-0.160933527179371,40.2884075222537,-1.27570303073452,0.0427900502361898,0.00698707192195558
288.5,51.5094285568274,-0.160933296183795,40.2723748604767,-1.26227666987902,0.0210222690223489,0.000141927274253884
289,51.5094229684049,-0.160933062502438,40.262827326078,-1.24916207394514,0.0343186823529598,0.0148663437943339
289.5,51.5094173917775,-0.160932806016293,40.2602599477395,-1.25846871941039,0.0198887071728784,0.000244198329855339
290,51.5094117154168,-0.160932723214158,40.259780702414,-1.26683166362866,-0.00400118818994698,-0.019969477578667
290.5,51.5094060463775,-0.16093264515892,40.2660723414738,-1.26774364973606,0.00504559697337086,-0.0246014500719586
291,51.509400362559,-0.160932529480749,40.2656324049458,-1.27854065054008,0.0119232572690929,-0.015638176021839
291.5,51.5093947769476,-0.160932460142111,40.251194830751,-1.25768856759416,0.00520134380532021,0.00268573567821673
292,51.5093891026728,-0.160932504313943,40.2471657348797,-1.27015572299078,-0.0115026942823127,0.0034569693578248
292.5,51.5093834367364,-0.160932574557749,40.2426252085716,-1.27505490964001,-0.010834832892113,-0.0192646341658593
293,51.5093778088004,-0.160932658329314,40.2272454055492,-1.26043710515203,-0.00560410138438322,0.00073007407654635
293.5,51.5093722673245,-0.160932834385298,40.2044250709005,-1.25132988166074,-0.0233688884272916,0.000514903470758998
294,51.5093666743266,-0.160933081835574,40.2067709942348,-1.23604814758062,-0.0384440095139964,-0.0133628561758483
294.5,51.5093611290255,-0.160933310625581,40.2342409817502,-1.24747915288428,-0.0267783163930144,-0.0577257850548849
295,51.5093556099488,-0.160933581843221,40.2405579851475,-1.24616384085398,-0.0331507806323136,-0.0528456989438822
295.5,51.5093500777108,-0.160933880159607,40.2570831612684,-1.23493711259758,-0.0419585635052161,-0.04597067352027
296,51.5093445471991,-0.160934081909309,40.2565585533157,-1.24628814325407,-0.0435011909763906,-0.0584520650039342
296.5,51.5093390020169,-0.160934264517451,40.263961103512,-1.224221657282,-0.0133783295656942,-0.0454247115490183
297,51.509333488419,-0.160934128947709,40.2767441831529,-1.24639070431687,0.0263586613677786,-0.031033995523346
297.5,51.5093280361643,-0.160934128268814,40.2839297044557,-1.22337554485666,-0.00351264133601355,-0.0458517151780237
298,51.5093224713526,-0.160934253398843,40.2804215666838,-1.25936219690799,-0.0125455985491304,-0.0274603644044861
298.5,51.5093168110094,-0.160934380513482,40.2651656502858,-1.26509471080033,-0.0221438861129223,0.00603037215245306
299,51.5093112389648,-0.160934493023562,40.2368382026907,-1.23839625306823,-0.0151575098090167,0.0221793641059
299.5,51.5093058025802,-0.16093473649335,40.2062891989481,-1.24000394009033,-0.0468367606581207,0.0431161652035804
300,51.5093003466556,-0.160935120106603,40.2047480850015,-1.23859517055031,-0.0542245201376043,-0.000832725045273652
300.5,51.5092947880125,-0.16093535664141,40.1832804917358,-1.26588022032865,-0.0161989900362894,0.00934613887390146
301,51.5092891426696,-0.1609353135186,40.1711469488218,-1.25592614060926,-0.00442889529758439,0.00768101976205982
301.5,51.5092835844023,-0.160935418285283,40.1753319900017,-1.23580257017684,-0.0255321571067971,-0.0330578395651177
302,51.5092780292918,-0.160935562513598,40.1706764532719,-1.23834019092394,-0.0180781533799329,-0.0140999209418154
302.5,51.50927248824,-0.160935465564672,40.1780282456893,-1.23436847965278,0.000978867084928964,-0.0235840022609456
303,51.5092669741549,-0.160935427565324,40.1846410506405,-1.22752488442615,0.0095543888593194,-0.0294676207592888
303.5,51.5092614718477,-0.160935407849216,40.1736525928136,-1.24729985537751,-0.0113689803725545,-0.000534547880772007
304,51.5092559396449,-0.160935546855144,40.1559270354919,-1.22436592864384,-0.0089849088633531,0.00721266865169679
304.5,51.5092503639707,-0.16093562780535,40.0957980144303,-1.2658324102668,-0.000742330699916351,0.0416495463438844
305,51.5092447899514,-0.160935704397741,40.0901871705428,-1.25470622746347,0.0132964980695922,0.0137299155298688
305.5,51.5092398802337,-0.160935693102925,40.0687501414213,-1.01080013539076,0.0190575203867119,0.0328534337293188
306,51.5092360293435,-0.160935582577254,40.0501309772953,-0.793451200039507,0.0309499863038703,0.011451401035768
306.5,51.5092332194025,-0.160935574534702,40.0432037294377,-0.550153079450229,-0.00861616434736288,0.00700798796391267
307,51.5092315881753,-0.160935602813238,40.0478367100004,-0.28768100339264,0.00266092115237344,0.00635382817339258
307.5,51.5092304448402,-0.160935437592364,40.0421240390278,-0.25494660176477,0.0595049259680183,-0.00865429227656504
308,51.5092293986544,-0.160934711344911,40.027582006529,-0.213415202284965,0.105661929803937,-0.00164210870092289
308.5,51.5092286572509,-0.160933670603666,40.0326388170943,-0.165515569093099,0.168636841405192,-0.0196950689401501
309,51.5092281051344,-0.160932164810713,40.0411549452692,-0.123641663042753,0.22070767620312,-0.0302055200037727
309.5,51.5092277326791,-0.160930424228384,40.0587203507312,-0.0818260352034496,0.243345851022349,-0.0268129436467457
310,51.5092276726054,-0.160928945986791,40.0489957667887,-0.00975677933973397,0.229313629597262,0.00209500563327982
310.5,51.5092278827641,-0.160927218639173,40.0218632377218,0.0655786566405558,0.246024861590726,0.0165244309656857
311,51.5092283212882,-0.160925284310343,40.0150639733765,0.101556253113462,0.243823419366163,0.0127725256310912
311.5,51.5092289700655,-0.160923803263926,39.9891740011517,0.144896651807179,0.196586221314612,0.0119204783448013
312,51.5092298903421,-0.160922658747461,40.00465495768,0.21200802956793,0.145480358929472,-0.0156906691983912
312.5,51.5092309777319,-0.160921866690357,39.9936778859701,0.21335339333242,0.104268099471346,0.00371736542390722
313,51.5092320157025,-0.160921292062788,39.9847814266104,0.219320420837709,0.0343558291022191,-0.00801412959416606
313.5,51.5092336882405,-0.160921076706949,39.9927258754615,0.445086426770917,0.0195443549089665,-0.0133725596207424
314,51.5092365910191,-0.160920943285352,39.9967997148633,0.70349078991027,0.0303625771701135,-0.0144868692963022
314.5,51.5092404926461,-0.160920906114849,39.9727160222828,0.932786056520904,0.0225177585306585,0.0021029698066799
315,51.5092455502932,-0.160920909788304,39.9621455008164,1.19226933543925,0.0196984298313589,0.0080029360035544
315.5,51.5092510424352,-0.160920876095371,39.9448422449641,1.22841228166257,0.00624809004476558,-0.00104435698220462
316,51.5092566027426,-0.160920665013925,39.9363655869383,1.23838494622086,0.0300665504408178,-0.010707763301661
316.5,51.5092622660549,-0.160920533961822,39.9498169666622,1.2468407571468,0.00117366900614076,-0.0174437661864644
317,51.509267888294,-0.160920527893104,39.9360124010127,1.26700106080113,0.0098774848534739,-5.8826334720874e-05
317.5,51.5092736293501,-0.160920461763322,39.9203225772362,1.26262912785176,0.0266608860514877,0.00882870813790748
318,51.5092792737117,-0.160920213363417,39.9098627290223,1.25417266508923,0.017296358247689,-0.015560235153756
318.5,51.5092849757431,-0.160920245578184,39.8865555149969,1.25329102361716,0.00751193229987365,-0.0155196267541396
319,51.5092906474373,-0.160920272348932,39.8827740789857,1.25076897959815,-0.00138249555849219,-0.00996333311728481
319.5,51.5092963702403,-0.160920388225647,39.8932228970807,1.24770602809001,-0.00380875287483483,-0.0159268363154444
320,51.5093020361194,-0.160920386418183,39.9187982964795,1.25535707860723,0.00011869108765041,-0.060793818521704
320.5,51.509307755185,-0.160920528794831,39.9230113830417,1.25848215836578,0.000775460213488484,-0.037699678244884
321,51.5093134791486,-0.160920646970951,39.9107590361964,1.25745469198521,-0.0129029924721267,-0.0267955657565639
321.5,51.5093190901131,-0.160920725391926,39.8994906358421,1.2344976586343,-0.00630053039149816,-0.0151128497368461
322,51.5093246452364,-0.16092069920592,39.8874722260516,1.22858784280455,0.0026487343124604,0.0314682919328186
322.5,51.5093302575236,-0.160920800135076,39.8642381147947,1.23867786209386,-0.0165828207773125,0.0289343887462268
323,51.5093359024996,-0.160921028631378,39.8212572766934,1.2515744118298,-0.0259194222413259,0.0778044459783647
323.5,51.5093415692025,-0.160921244465172,39.7896038657054,1.25204810140945,-0.024353222501384,0.0533314833634266
324,51.5093471446676,-0.160921302306867,39.7602570983581,1.23621591587017,-0.00475471536978696,0.0349759224954478
324.5,51.509352756824,-0.160921470676803,39.7313125052024,1.24743884954604,-0.0189994744396927,0.0218402826283998
325,51.5093584944067,-0.160921782072539,39.7007939191535,1.27471423044848,-0.0413468605510785,0.0210327004725425
325.5,51.5093642188747,-0.160922056239934,39.6814522212371,1.2592465695576,-0.0323482621479808,0.0153712825048251
326,51.5093698753854,-0.160922064522151,39.6573733112309,1.25607772090152,0.0180210129902424,0.0309484680720435
326.5,51.5093755469562,-0.16092205216001,39.6295095665846,1.25903380501393,-0.0127274334308554,0.0362747804821391
327,51.509381285796,-0.160922192109402,39.5966839205939,1.27242191135415,-0.0125479091359416,0.0394533037570829
327.5,51.5093869864406,-0.16092227032943,39.5541155347601,1.26404735712855,-0.0131787541187578,0.0508692791445596
328,51.5093926148061,-0.160922347552368,39.5125261517242,1.23522680640839,-0.0115598824737236,0.0430174124998283
328.5,51.5093982387427,-0.160922385242503,39.5119489466306,1.23757092707674,-0.0111471412099469,-0.0036377103657409
329,51.5094038293383,-0.160922582255467,39.5000951259863,1.22872423913327,-0.0176159197565852,0.000171495050264703
329.5,51.509409448617,-0.160922810437609,39.4835817988496,1.24871057493479,-0.0196221677567509,-0.00842735666558303
330,51.5094150494568,-0.16092273363199,39.5005142106675,1.26122435999033,0.0071531338750574,-0.0275999156931136
330.5,51.5094207637382,-0.160922490204374,39.5306392840575,1.24543142250598,0.0197949332980392,-0.036018699006565
331,51.5094263376676,-0.160922325125964,39.5321583966725,1.23567869015149,0.0263626186097984,-0.0230815230893647
331.5,51.5094320422642,-0.1609222391003,39.5466121516656,1.26336207451678,0.031386599995494,-0.0361857985762196
332,51.5094377194734,-0.160922072549139,39.5407573035918,1.23741134361915,0.00533900354981975,-0.0234052671420698
332.5,51.5094433195173,-0.160922012606156,39.5381296148989,1.24223956843941,0.0123226453135334,-0.0223473439395191
333,51.5094490065761,-0.160922172354513,39.5089139558841,1.26872836664617,-0.0165459812656442,0.0180982876683262
333.5,51.5094547121096,-0.160922052827902,39.5158520564437,1.24306630951718,-0.000219610700521607,-0.0206626157444775
334,51.5094603295617,-0.160921861124156,39.5052103295457,1.2409310458934,0.00207725225114001,0.00685808028985324
334.5,51.5094659411916,-0.160921910944562,39.4925603799056,1.2533502428768,-0.0143443969970172,0.00853069972960352
335,51.5094716126536,-0.160921979128223,39.4680343510117,1.2411699751886,0.000182691023876931,0.0189678683543754
335.5,51.5094772080194,-0.160921855736644,39.4400018535089,1.24803688025388,0.00957357041141662,0.0363471026924678
336,51.5094828426402,-0.160921597341344,39.4360773039516,1.2388538365169,0.00183242916175226,0.0120408778315979
336.5,51.5094884709744,-0.160921332589201,39.4238484157249,1.2421006064706,0.0220975084642572,0.0127833567008518
337,51.5094941440868,-0.160921260676907,39.4244990376756,1.25982564372413,0.00172854608511734,-0.0175142793439195
337.5,51.5094998056976,-0.160921337231576,39.4157370426692,1.25499569705824,-0.0151584254273683,-0.00311604137490695
338,51.5095054606528,-0.160921259015764,39.4138206040952,1.2456818818448,0.0112046640031941,-0.00950864164359777
338.5,51.5095110370367,-0.160921236593775,39.3946791652124,1.25198856934685,-0.0081745801694134,0.00818993057178108
339,51.5095166373561,-0.160921130950744,39.3855393726844,1.22824011957002,0.00936790768865181,-0.00895156023384858
339.5,51.5095222249797,-0.160921162340573,39.391895913519,1.24500461741815,-0.00496476610799907,-0.0111745853167085
340,51.5095278344671,-0.160921227060206,39.3821335381363,1.24208749760214,-0.0145740807816532,-0.0120259850421871
340.5,51.5095335253925,-0.160921342787764,39.3800746565685,1.25308828008913,0.00193238261699637,-0.0120186085952735
341,51.5095391073299,-0.160921135203273,39.3727583426517,1.246540956375,0.022595590176055,0.0157852563619456
341.5,51.5095448489527,-0.160921051218128,39.3790757032111,1.26468673756251,0.00509175056193662,-0.0149706550650787
342,51.5095506573091,-0.160921210771221,39.3591976629104,1.27341114804153,-0.00757292277162635,0.0322374900340482
342.5,51.5095563215906,-0.160921260806319,39.3334000983741,1.2506978652305,-0.00948623967315377,0.025186232332182
343,51.5095619178956,-0.160921202250507,39.2963419733569,1.24681941484935,-0.00160618635309939,0.0530864413815957
343.5,51.5095675214092,-0.160921064916943,39.2807754462119,1.23238556447471,0.0077046392573074,0.0264579925322874
344,51.5095724108889,-0.160921484247905,39.4456911722664,1.24074981591228,-0.0393697367729446,0.0125620460677623
344.5,51.5095765941844,-0.160921846392037,39.5995724191889,1.02675974135146,-0.0274914033847686,0.00652459168317848
345,51.5095797911016,-0.160922027486243,39.7800541541073,0.783468251976975,-0.00552968340517531,-0.0124932423562557
345.5,51.5095818728478,-0.160922248970695,39.9509230300318,0.547845283809875,-0.00241043120577285,-0.00600281817257975
346,51.5095828116556,-0.160922391587867,40.1280376024079,0.281624418923535,-0.00810825600145203,-0.0318487701650539
346.5,51.5095831999269,-0.160922288221937,40.2849932811223,0.22164979017033,0.054427811811706,-0.0133716822164744
347,51.5095834090133,-0.160921706274981,40.4417060571723,0.190430358588854,0.114115355396293,-0.0132639385891123
347.5,51.5095834286411,-0.160921026995765,40.5931553621776,0.166087729700696,0.136004477653289,0.0210450079340746
348,51.509583400594,-0.160919916145894,40.7597485424485,0.13346701251975,0.198218287936971,-0.00629062388456746
348.5,51.5095831547657,-0.160918732863422,40.9064267459325,0.0759713589797495,0.1921702600911,0.0155597994474736
349,51.5095824966401,-0.160917288110703,41.0844155510422,-0.00210772423215679,0.239081493224995,-0.0101209336862729
349.5,51.5095816032489,-0.160915859903192,41.2480977654923,-0.047750639582395,0.225723035114777,0.00656622546766384
350,51.5095804632196,-0.160914553607705,41.392520490801,-0.0997080815085357,0.196809976245441,0.0120661779235897
350.5,51.5095792447797,-0.160913468544509,41.5860242627095,-0.149430247154683,0.165718263416924,-0.0343372283386106
351,51.5095777328599,-0.160912714049292,41.7483835823368,-0.199870817479569,0.124776979264559,-0.00322431991530191
351.5,51.5095761046031,-0.160912292123021,41.900526214391,-0.241989496840349,0.063360868703823,-0.0155803231157809
352,51.5095743114247,-0.160912411403161,42.0557567533106,-0.251032273296271,0.00336138695558622,-0.0259067799856224
352.5,51.5095718108206,-0.160912618454875,42.2195946897846,-0.467262889011375,-0.0184396839712912,-0.0202059453355018
353,51.5095682906253,-0.160912981602166,42.3510599164292,-0.71627219784116,-0.0385123007748999,0.0231184519151745
353.5,51.5095636640943,-0.160913311584344,42.4905165641103,-0.980457272208779,-0.0352907056101949,0.0267392832862725
354,51.509557916484,-0.160913783430869,42.6560567745473,-1.20279786843651,-0.0541167029553643,-0.0170840103976717
354.5,51.5095524677263,-0.160913883041625,42.6656196939293,-1.24064897763885,0.00164826937336112,-0.0222826599408382
355,51.5095470184667,-0.16091392718997,42.6569575986359,-1.24188537518059,-0.00849055089088929,-0.0241182981025452
355.5,51.5095415206584,-0.160913918871806,42.648174066795,-1.25660847439217,-0.000146489189608376,-0.0219775966950218
356,51.5095359870036,-0.160913895708005,42.6415454575326,-1.24604845701618,-0.00240351803466886,-0.0137812080459365
356.5,51.5095304956234,-0.160913945889633,42.641276098555,-1.23292253328415,-0.0134444106353941,-0.0208653802653621
357,51.5095248617565,-0.160913984388681,42.6498895301484,-1.27548736152576,-0.00824933813762159,-0.0336763063877272
357.5,51.5095192548263,-0.160913871208145,42.655992731452,-1.26450353688409,0.017551201286244,-0.0608885167152782
358,51.5095136539978,-0.16091351577264,42.6630737327505,-1.27027131863357,0.0339224799857636,-0.0469383802790435
358.5,51.5095080326806,-0.160913227056374,42.6780414872337,-1.26347126214758,0.0385629017081966,-0.0420227932187247
359,51.5095024111829,-0.16091299155608,42.6894982156809,-1.27082210471666,0.0194339336977557,-0.0406428820389254
359.5,51.509496723601,-0.160912637847713,42.696422127774,-1.26740929311607,0.0207018111545259,-0.0280635301337834
360,51.5094911050429,-0.160912624449139,42.6886041073594,-1.26770725629884,0.00301683135938502,-0.0238179167717245
360.5,51.5094854969356,-0.160912549869106,42.6902885269374,-1.2627018608134,-0.00018770009649859,-0.0298764961788086
361,51.5094798936351,-0.160912670639574,42.6856557175051,-1.25785042150136,-0.0127446508484391,-0.0239876272794979
361.5,51.5094743532978,-0.160912700326973,42.6901068391744,-1.25220717238937,-0.0109056733416633,-0.0398493700960092
362,51.5094687597788,-0.160912670498999,42.6766872976441,-1.263231366601,-0.000931713933758717,-0.00505273154763874
362.5,51.5094632637631,-0.160912641670005,42.6653033264447,-1.24476188914307,-0.000897825629686636,-0.0208467497658692
363,51.5094576736232,-0.160912508959418,42.6885381571483,-1.26674629867654,0.00769807754634112,-0.0480292109924774
363.5,51.5094521510309,-0.160912387621977,42.6729631731287,-1.23808685405553,0.0075033192733508,-0.0162132938497571
364,51.5094465892848,-0.160912331045702,42.6587388576008,-1.23803737948664,-0.00119236546279084,0.000189364883969145
364.5,51.50944106468,-0.160912304393659,42.6405526804738,-1.24886935408201,0.00733910760054646,0.00274606525860266
365,51.5094354969482,-0.160912065628111,42.6208279912826,-1.26142626630702,0.015690030847593,-0.0012120359775446
365.5,51.5094299394334,-0.160911989213098,42.6136927292682,-1.2559826896462,0.00405320268781623,-0.0202971307601576
366,51.5094242975399,-0.160912015136533,42.6150081912056,-1.2895699370765,0.00124432321678819,-0.0101067231848452
366.5,51.5094186585632,-0.160911944929915,42.5873344780412,-1.25497976989508,0.0163478843907537,0.008519664762483
367,51.5094131709583,-0.160911996805661,42.5713801619131,-1.24159345937826,0.0103940251456669,0.0048237281362975
367.5,51.5094075741552,-0.160911719853415,42.5585082322359,-1.25320460183247,0.0411469328800665,0.0118492215882539
368,51.5094020242155,-0.16091155854365,42.5268893216271,-1.25345175291332,0.0168504688269338,0.0131513427956347
368.5,51.5093964667966,-0.160911401066442,42.5254048022907,-1.24705882687406,0.00653207850322847,-0.000566807179063877
369,51.5093909160601,-0.160911532997837,42.4993096138351,-1.24866935008061,-0.0199721105891302,0.00351391558059999
369.5,51.5093853560455,-0.160911504338492,42.5008366210386,-1.25686461332097,0.0164379764393285,-0.0232800308781298
370,51.5093798153641,-0.160911294423935,42.4880605004728,-1.23837893851763,0.0114982345043803,0.00193902044380634
370.5,51.5093744036376,-0.160911260169769,42.4625344176311,-1.22482005502998,0.00691495474949831,-0.005545964264416
371,51.5093689262537,-0.160911153186981,42.4464231999591,-1.2378093255157,0.00349964716157544,-0.00286822553951538
371.5,51.5093634365049,-0.160911155605326,42.442624670919,-1.23342776622029,-0.0165734141600971,-0.0243665525322165
372,51.509357852591,-0.160911147134188,42.4132219252642,-1.24574626746864,0.00234580228850013,0.00163559345076758
372.5,51.5093524399488,-0.160911204695113,42.3794147018343,-1.22683136513474,-0.0113000946061989,0.0188031068604598
373,51.5093469719875,-0.160911059205255,42.3626634627581,-1.24493837553336,0.00957139887049009,0.014630732655988
373.5,51.5093414462929,-0.160910852454953,42.336581578711,-1.24180794071128,0.0306180266536357,0.011515630200068
374,51.5093359214545,-0.160910486385037,42.3410620659124,-1.24329533663876,0.0264589576942351,-0.0036599359556061
374.5,51.5093304214868,-0.160910366328667,42.3275019852445,-1.25088922967955,0.0282366553342844,-0.00874114614302968
375,51.5093247725909,-0.160910181374301,42.3450705842115,-1.2613012519017,0.026782958636376,-0.0536888220975013
375.5,51.5093192222315,-0.160910084055151,42.3521978545468,-1.24609408228128,0.0173322881991954,-0.0644941860577323
376,51.5093135724171,-0.160909782178215,42.3467240524478,-1.27098765032148,0.0257154172729431,-0.0456710525947591
376.5,51.5093079397554,-0.160909498979863,42.3553749574348,-1.27089463512893,0.0306420071326335,-0.0374122918302836
377,51.5093023576136,-0.160909492130508,42.3511553804856,-1.23892976135382,-0.00149468658873547,-0.0251536116730203
377.5,51.5092968096061,-0.160909415420564,42.3248070334084,-1.24660935352374,0.0110909552746186,0.00595468375093677
378,51.5092912962891,-0.160909419631849,42.3201510170475,-1.2366575672791,0.0100781894381762,-0.0094280508701714
378.5,51.5092857256726,-0.160909366822948,42.3070215119515,-1.2689014831277,0.0205258340934287,-0.0158160748733118
379,51.5092801815286,-0.160909368679283,42.2886701375246,-1.24785542029294,0.0151276355663994,0.00323708534143552
379.5,51.509274591985,-0.160909461872098,42.2621063282713,-1.26216240455134,-0.0270984362080355,0.0243902113498845
380,51.5092689910415,-0.160909561993266,42.2185570879374,-1.25115911811345,-0.0254602399358203,0.0450873703212962
380.5,51.5092633748074,-0.160909691256906,42.164782947395,-1.26895618248996,-0.0295221560990696,0.057812350023133
381,51.5092578424935,-0.160909841889902,42.1152585868258,-1.24810518777979,-0.034680303906776,0.0655782446699985
381.5,51.5092523714079,-0.16090989374565,42.0965059816372,-1.23914702775657,-0.0090222266926536,0.0151086147035173
382,51.5092468509075,-0.160910017337369,42.0918466290459,-1.25256932416008,-0.032159661001118,0.0103825111768735
382.5,51.5092413619665,-0.160910167283589,42.087510048179,-1.25643868016325,-0.00923107195515102,-0.018059469907807
383,51.5092358679076,-0.160910332082906,42.0880177426152,-1.2521982221153,-0.0361885385262851,-0.0276790603622893
383.5,51.5092309765716,-0.160910306695046,42.0860669242684,-1.03486531554903,0.0131282073854036,-0.00981489705774014
384,51.5092271198844,-0.160910295252071,42.0726455780677,-0.794053474335742,0.0233768732709632,-0.0118671533132046
384.5,51.5092243771545,-0.160910254641998,42.069633744657,-0.554141748113627,0.0128868779269921,-0.0148038686419582
385,51.50922273506,-0.160910388588338,42.0568497944623,-0.299408836569699,0.00436669294258121,-0.0118149085757066
385.5,51.5092215250425,-0.160910084121759,42.0605028797872,-0.265012670609958,0.0519333419939794,-0.0194174975515577
386,51.5092204730458,-0.160909182520601,42.0607468595263,-0.222606164254516,0.124695433274711,0.0110704397635251
386.5,51.5092196754148,-0.16090804651062,42.0351413188037,-0.184246756299649,0.151667222136316,0.0358592421118149
387,51.5092191349325,-0.160906715812503,42.0047629482578,-0.115280032229432,0.213612335618327,0.0356611587055323
387.5,51.5092188356311,-0.160905083081948,41.9789532751311,-0.0675551871159272,0.247060635460529,0.0265670120775332
388,51.5092187791327,-0.1609032060143,41.9638076005504,-0.0141438335533383,0.276744324680836,-0.0037017666217132
388.5,51.5092189717942,-0.160901295492916,41.9472903364804,0.0456730174986137,0.253780030626482,-0.000896704788599077
389,51.5092194032178,-0.160899615697944,41.9317229306325,0.0954980316489612,0.239905946402118,-0.00280366002383494
389.5,51.5092201424593,-0.160898347871655,41.9197416289244,0.166961278688429,0.17090132281798,0.00220787156344271
390,51.5092210491295,-0.16089723537082,41.8932758276351,0.188838690890879,0.142906490321173,-0.00311456737529223
390.5,51.5092221475069,-0.160896621513838,41.8793792761862,0.236150114023491,0.0913925601418258,-0.00401422971925453
391,51.5092233575063,-0.160896390829891,41.8799718099181,0.255821520362189,0.00192350473398477,-0.00973843286925827
391.5,51.5092251748743,-0.160896299536619,41.8928654312622,0.453233541317853,0.0182383143333898,-0.0410941182383346
392,51.5092280817887,-0.160896257439285,41.896090206923,0.714663179008973,0.0372527726971207,-0.0222331430803764
392.5,51.5092321656182,-0.160896269601085,41.8962846149225,0.960732599576674,0.0198486797465891,-0.00528920070698358
393,51.5092373055497,-0.160896329532444,41.8702369560488,1.20735023044343,-0.00126170086486211,0.00682816043560652
393.5,51.5092429642042,-0.160896404633374,41.8256462793797,1.24559013600439,0.000177770356996375,0.0445368134785292
394,51.5092487423073,-0.160896538198994,41.8084364612587,1.25980215109324,-0.0284485086108216,0.0105607039866324
394.5,51.509254404137,-0.160896830949998,41.7804531995207,1.2511632690677,-0.0536681256955927,0.041545770480714
395,51.5092600080082,-0.160896892314095,41.7299276378471,1.23099935348268,-0.0170527877305139,0.0558422562091934
395.5,51.5092656045754,-0.160896939990955,41.7159179304726,1.24444391448426,0.00602338008670221,-0.00208520043879279
396,51.5092712855525,-0.160897087310297,41.6948947270866,1.24413737180664,-0.0233889184760289,-0.012985462365787
396.5,51.5092769343362,-0.16089710889709,41.6948470179923,1.23399011731913,-0.0128243218142511,-0.0117377319361986
397,51.5092825585853,-0.160897268480047,41.6925987720024,1.24598703604097,-0.0325019677895463,-0.00843067440599965
397.5,51.5092881328838,-0.160897353138454,41.6718872128986,1.23242036307838,-0.0273974611560847,0.0179623395970968
398,51.5092938413135,-0.160897519628259,41.6785612103995,1.24912932074647,-0.0209821930367539,-0.029534439647658
398.5,51.5092995594238,-0.160897596741951,41.6750338971615,1.25745942305341,-0.0108126851978681,-0.00729573347165113
399,51.5093052868373,-0.160897694830297,41.6746619807091,1.27521860810039,-0.0309747828761756,-0.00750381240773357
399.5,51.5093109985764,-0.160897801263427,41.6630544636864,1.24844646961165,-0.00791599555173924,-0.0173698121419574
400,51.5093166060897,-0.160897701075107,41.6672060452402,1.23843112968114,0.024112673742397,-0.0240576244971501
400.5,51.5093223424639,-0.160897569279117,41.6703910634387,1.25784828455542,-0.00366979568879077,-0.0277559443964909
401,51.5093279514042,-0.160897486755909,41.6801744569093,1.22622681528577,0.0172439870678693,-0.0390372585138793
401.5,51.5093335791035,-0.160897483459269,41.6876268158667,1.25547563797705,0.00366507694386976,-0.0476037877641897
402,51.5093393162152,-0.160897437905941,41.6883585529868,1.25035865752014,-0.0181651658693937,-0.0447013012500425
402.5,51.5093450597221,-0.160897740035133,41.6572513130959,1.24218325071277,-0.0337983802063233,-0.0101924657596569
403,51.5093507484406,-0.160898027821585,41.6370928720571,1.25438215799937,-0.043821181720698,0.014306482032259
403.5,51.5093564818392,-0.160898397374942,41.6191426957957,1.25373383726849,-0.0542073402942225,-0.00844013404150679
404,51.5093621066179,-0.160898551762126,41.6278613659088,1.24755549734878,-0.0527008184887575,-0.0349607276317863
404.5,51.5093677299894,-0.160898864164967,41.6207002440933,1.25283512294598,-0.0359632709635696,-0.0384312540935784
405,51.5093732892412,-0.160898845293036,41.6270098059904,1.21571652917613,-0.00492115439891689,-0.0242858848157674
405.5,51.5093789663269,-0.160898982839673,41.6211836216971,1.23763192809463,-0.0166368528768356,-0.0150625177830916
406,51.5093845338984,-0.160898974353757,41.6162144897971,1.24029278977407,0.00755116323687095,0.00299971438022018
406.5,51.5093901894174,-0.160898814807677,41.6017879792489,1.23942857663609,0.00198488503705592,-0.0078350537568469
407,51.5093957911553,-0.160898803632659,41.5685795578174,1.23548725084629,-0.0010334753138981,0.0314030145100379
407.5,51.5094014432182,-0.160898791753271,41.5511244959198,1.24683189509567,-0.00614035974611935,0.00808107624303755
408,51.5094071006252,-0.160898672141887,41.5352341479156,1.26836607597626,0.00238702395469296,0.0030445577430811
408.5,51.5094127882046,-0.160898488304331,41.5430517513305,1.24502997379106,0.0174935042572341,-0.0315486135850054
409,51.5094183962591,-0.160898415827462,41.5283475902397,1.22629379786878,0.0125948588388654,0.0319767803040802
409.5,51.5094240499016,-0.160898313697439,41.5003877580166,1.25960967791675,0.0231489558437329,0.0132460070366041
410,51.5094297703641,-0.160898245456775,41.4652104943525,1.25600475249459,0.00897003239930893,0.0318051232109335
410.5,51.5094354272572,-0.160897976346426,41.4454172996338,1.23770058081637,0.0221669052628443,0.0260423317458848
411,51.5094410771213,-0.160897845883259,41.4065204705112,1.2480791793258,0.0245133552554903,0.0577627203724943
411.5,51.5094466966855,-0.1608975642406,41.3725580871105,1.23229457405529,0.0263626948118913,0.0322628090755857
412,51.5094523289541,-0.160897468892996,41.3526452803053,1.23576329681084,0.0109989623806409,0.00366449892654774
412.5,51.5094578809478,-0.160897297196274,41.3431422407739,1.24536389087935,0.0241744224527693,-0.00896121815629436
413,51.5094634467374,-0.160896977404272,41.3462534844875,1.22888910528229,0.0308844281856371,-0.00322211312701703
413.5,51.5094691073733,-0.160896843100904,41.3368554750923,1.2510458717948,0.00895104168299888,0.00731608097015757
414,51.5094747262008,-0.160896800072133,41.3115702331997,1.23396339230006,0.00858463518559105,0.00572210380723037
414.5,51.5094802805734,-0.16089675241194,41.3067004252225,1.23822122464742,-0.0114662562458575,-0.0120471697010807
415,51.5094859206457,-0.160896831174792,41.3151695288252,1.23045359695022,-0.0155418822770927,-0.0377809065694417
415.5,51.5094915250857,-0.160897121659477,41.2765762992203,1.23670192439336,-0.010528868367854,0.026904119795055
416,51.5094972298853,-0.160897333665041,41.2628554399125,1.26368699265942,-0.0272653944609686,0.0226606586394241
416.5,51.5095028314526,-0.160897295737039,41.2608009069227,1.22102937135239,0.00956601061926906,0.00315976786108019
417,51.5095084378426,-0.160897325416194,41.2806498876307,1.23418537287416,-0.0230232033407626,-0.0500556209847046
417.5,51.5095141110777,-0.160897546982778,41.278825414367,1.23290503861924,-0.0428863520869163,-0.0156722135440684
418,51.509519803089,-0.160897883333894,41.2815800928511,1.24869532155719,-0.0235714683888033,-0.0480093451102698
418.5,51.5095254671856,-0.160898022174485,41.2812197450548,1.24260927104122,-0.0186167601628052,-0.0294288470798766
419,51.5095311248525,-0.1608979961572,41.2854974949732,1.24029095488273,0.000402517971868248,-0.0347885276313997
419.5,51.5095368052119,-0.1608979547713,41.278548972914,1.23630860696578,0.00753688950068352,-0.0214367439894315
420,51.5095423473895,-0.160897926212859,41.2838400655892,1.23819984521854,-0.0125222043217876,-0.0181759486405311
420.5,51.5095478809922,-0.160897822486475,41.2694872969296,1.22981591190467,0.0107547236919358,-0.00164218440092223
421,51.5095535278639,-0.160897677955481,41.2831100297626,1.25424078746659,0.0194808038200365,-0.0178867700916187
421.5,51.5095591541524,-0.160897483231563,41.26505444129,1.23657001489185,0.0216984621977801,-0.000438167567747394
422,51.5095640735353,-0.160897608849144,41.4058934638742,1.24598473384028,0.00030723474299373,0.032883672920577
422.5,51.5095682553878,-0.160897775947051,41.5582061167806,1.01656978912071,-0.00385018757420347,0.00745851649723517
423,51.5095714977785,-0.160897953652583,41.6980101598892,0.788257264089618,-0.0196383551665504,0.00102473612318899
423.5,51.509573569648,-0.160898279366984,41.832241094904,0.541632591715585,-0.0182206771390993,0.036831063034116
424,51.5095745950214,-0.1608983919999,41.9805966157001,0.322011892672898,-0.00779538458825019,-0.00576873915263887
424.5,51.5095748121352,-0.16089859565641,42.1518344501965,0.152383604612758,-0.0140038692169288,-0.0239482302422936
425,51.5095743187126,-0.160898788492068,42.3173956125975,0.0191058659113852,-0.0156167163620686,-0.0142136639278876
